DOMAIN (L0),Code,SUB DOMAIN (L1),Code,CATEGORY (L2),Code,SUBCATEGORY (L3),Code,PRODUCT TYPE (L4),Product type Enum Codes,Colour,Size,Qty,Brand Name,MRP,Selling Price,Short Product Description,SKU Code,Pack Qty,Pack Qty Unit of Measurement,Material / Content,Manufacturer Name & Address,Country of Origin,Customer Care Contact,Care Instructions,Time to ship,Cancellable (Y/N),Returnable (Y/N),Replaceable (Y/N),COD Available (Y/N),Image 1,Image 2,Image 3,Image 4 / Video 1,Image 5 / Video 2,Gross Weight,Gross Weight Unit of Measurement,Length x Breadth x Height (Cubic Cm.),Fragile (Y/N),Liquid (Y/N),Hazardous (Y/N),GTIN / HSN / EAN,Gender,Concern,Ingredient,Conscious,Pack Size,Preference,Formulation,Skin Type,Age Group,Occasion,Fragrance Family,Hair Type,Benefit,Warranty,Jewellery Type,Pattern,Extension Type,Extension Colour,Finish,Coverage,Skin Tone,SPF,Bristle Type,Brush Type,Flavour
Retail,RET,Beauty & Personal Care,RET-13,Bath & Body,RET-13-10,Bath Additives,RET-13-10-10,Bath Bombs,RET-13-10-10-10,,MC,MC,MC,MC,MC,MC,MI,MI,MI,MI,MI,MI,MI,MI,MI,MI,MI,MI,MI,MI,MI,MI,OI,OI,MI,MI,MI,MI,MI,MI,OI,,OI,OI,OI,MI,OI,OI,OI,OI,,,,,,,,,,,,,,,,
Retail,RET,Beauty & Personal Care,RET-13,Bath & Body,RET-13-10,Bath Additives,RET-13-10-10,Bath Pearls & Flakes,RET-13-10-10-11,,MC,MC,MC,MC,MC,MC,MI,MI,MI,MI,MI,MI,MI,MI,MI,MI,MI,MI,MI,MI,MI,MI,OI,OI,MI,MI,MI,MI,MI,MI,OI,,OI,OI,OI,MI,OI,OI,OI,OI,,,,,,,,,,,,,,,,
Retail,RET,Beauty & Personal Care,RET-13,Bath & Body,RET-13-10,Bath Additives,RET-13-10-10,Bubble Bath,RET-13-10-10-12,,MC,MC,MC,MC,MC,MC,MI,MI,MI,MI,MI,MI,MI,MI,MI,MI,MI,MI,MI,MI,MI,MI,OI,OI,MI,MI,MI,MI,MI,MI,OI,,OI,OI,OI,MI,OI,OI,OI,OI,,,,,,,,,,,,,,,,
Retail,RET,Beauty & Personal Care,RET-13,Bath & Body,RET-13-10,Bath Additives,RET-13-10-10,Bath Salts,RET-13-10-10-13,,MC,MC,MC,MC,MC,MC,MI,MI,MI,MI,MI,MI,MI,MI,MI,MI,MI,MI,MI,MI,MI,MI,OI,OI,MI,MI,MI,MI,MI,MI,OI,,OI,OI,OI,MI,OI,OI,OI,OI,,,,,,,,,,,,,,,,
Retail,RET,Beauty & Personal Care,RET-13,Bath & Body,RET-13-10,Bath Additives,RET-13-10-10,Bath Oils,RET-13-10-10-14,,MC,MC,MC,MC,MC,MC,MI,MI,MI,MI,MI,MI,MI,MI,MI,MI,MI,MI,MI,MI,MI,MI,OI,OI,MI,MI,MI,MI,MI,MI,OI,,OI,OI,OI,MI,OI,OI,OI,OI,,,,,,,,,,,,,,,,
Retail,RET,Beauty & Personal Care,RET-13,Bath & Body,RET-13-10,Bath Additives,RET-13-10-10,Tub Tea,RET-13-10-10-15,,MC,MC,MC,MC,MC,MC,MI,MI,MI,MI,MI,MI,MI,MI,MI,MI,MI,MI,MI,MI,MI,MI,OI,OI,MI,MI,MI,MI,MI,MI,OI,,OI,OI,OI,MI,OI,OI,OI,OI,,,,,,,,,,,,,,,,
Retail,RET,Beauty & Personal Care,RET-13,Bath & Body,RET-13-10,Cleansers,RET-13-10-11,Shower Gels & Body Wash,RET-13-10-11-10,,MC,MC,MC,MC,MC,MC,MI,MI,MI,MI,MI,MI,MI,MI,MI,MI,MI,MI,MI,MI,MI,MI,OI,OI,MI,MI,MI,MI,MI,MI,OI,MC,OI,OI,OI,MI,OI,OI,OI,OI,,,,,,,,,,,,,,,,
Retail,RET,Beauty & Personal Care,RET-13,Bath & Body,RET-13-10,Cleansers,RET-13-10-11,Body Wash Oils,RET-13-10-11-11,,MC,MC,MC,MC,MC,MC,MI,MI,MI,MI,MI,MI,MI,MI,MI,MI,MI,MI,MI,MI,MI,MI,OI,OI,MI,MI,MI,MI,MI,MI,OI,,OI,OI,OI,MI,OI,OI,OI,OI,,,,,,,,,,,,,,,,
Retail,RET,Beauty & Personal Care,RET-13,Bath & Body,RET-13-10,Cleansers,RET-13-10-11,Hand Wash,RET-13-10-11-12,,MC,MC,MC,MC,MC,MC,MI,MI,MI,MI,MI,MI,MI,MI,MI,MI,MI,MI,MI,MI,MI,MI,OI,OI,MI,MI,MI,MI,MI,MI,OI,,OI,OI,OI,MI,OI,OI,OI,OI,,,,,,,,,,,,,,,,
Retail,RET,Beauty & Personal Care,RET-13,Bath & Body,RET-13-10,Cleansers,RET-13-10-11,Sanitizers,RET-13-10-11-13,,MC,MC,MC,MC,MC,MC,MI,MI,MI,MI,MI,MI,MI,MI,MI,MI,MI,MI,MI,MI,MI,MI,OI,OI,MI,MI,MI,MI,MI,MI,OI,,OI,OI,OI,MI,OI,OI,OI,OI,,,,,,,,,,,,,,,,
Retail,RET,Beauty & Personal Care,RET-13,Bath & Body,RET-13-10,Cleansers,RET-13-10-11,Soaps,RET-13-10-11-14,,MC,MC,MC,MC,MC,MC,MI,MI,MI,MI,MI,MI,MI,MI,MI,MI,MI,MI,MI,MI,MI,MI,OI,OI,MI,MI,MI,MI,MI,MI,OI,MC,OI,OI,OI,MI,OI,OI,OI,OI,,,,,,,,,,,,,,,,
Retail,RET,Beauty & Personal Care,RET-13,Bath & Body,RET-13-10,Bath Sets & Kits,RET-13-10-12,Bath Sets & Kits,RET-13-10-12-10,,MC,MC,MC,MC,MC,MC,MI,MI,MI,MI,MI,MI,MI,MI,MI,MI,MI,MI,MI,MI,MI,MI,OI,OI,MI,MI,MI,MI,MI,MI,OI,,OI,OI,OI,MI,OI,OI,OI,OI,,,,,,,,,,,,,,,,
Retail,RET,Beauty & Personal Care,RET-13,Bath & Body,RET-13-10,Body Scrubs & Exfoliants,RET-13-10-13,Body Scrubs & Exfoliants,RET-13-10-13-10,,MC,MC,MC,MC,MC,MC,MI,MI,MI,MI,MI,MI,MI,MI,MI,MI,MI,MI,MI,MI,MI,MI,OI,OI,MI,MI,MI,MI,MI,MI,OI,,OI,OI,OI,MI,OI,OI,OI,OI,,,,,,,,,,,,,,,,
Retail,RET,Beauty & Personal Care,RET-13,Bath & Body,RET-13-10,Lotions & Creams,RET-13-10-14,Body Lotions,RET-13-10-14-10,,MC,MC,MC,MC,MC,MC,MI,MI,MI,MI,MI,MI,MI,MI,MI,MI,MI,MI,MI,MI,MI,MI,OI,OI,MI,MI,MI,MI,MI,MI,OI,MC,OI,OI,OI,MI,OI,OI,OI,OI,,,,,,,,,,,,,,,,
Retail,RET,Beauty & Personal Care,RET-13,Bath & Body,RET-13-10,Lotions & Creams,RET-13-10-14,Body Creams,RET-13-10-14-11,,MC,MC,MC,MC,MC,MC,MI,MI,MI,MI,MI,MI,MI,MI,MI,MI,MI,MI,MI,MI,MI,MI,OI,OI,MI,MI,MI,MI,MI,MI,OI,MC,OI,OI,OI,MI,OI,OI,OI,OI,,,,,,,,,,,,,,,,
Retail,RET,Beauty & Personal Care,RET-13,Bath & Body,RET-13-10,Lotions & Creams,RET-13-10-14,Body Moisturizers,RET-13-10-14-12,,MC,MC,MC,MC,MC,MC,MI,MI,MI,MI,MI,MI,MI,MI,MI,MI,MI,MI,MI,MI,MI,MI,OI,OI,MI,MI,MI,MI,MI,MI,OI,MC,OI,OI,OI,MI,OI,OI,OI,OI,,,,,,,,,,,,,,,,
Retail,RET,Beauty & Personal Care,RET-13,Bath & Body,RET-13-10,Lotions & Creams,RET-13-10-14,Body Oils,RET-13-10-14-13,,MC,MC,MC,MC,MC,MC,MI,MI,MI,MI,MI,MI,MI,MI,MI,MI,MI,MI,MI,MI,MI,MI,OI,OI,MI,MI,MI,MI,MI,MI,OI,,OI,OI,OI,MI,OI,OI,OI,OI,,,,,,,,,,,,,,,,
Retail,RET,Beauty & Personal Care,RET-13,Bath & Body,RET-13-10,Lotions & Creams,RET-13-10-14,Body Butters,RET-13-10-14-14,,MC,MC,MC,MC,MC,MC,MI,MI,MI,MI,MI,MI,MI,MI,MI,MI,MI,MI,MI,MI,MI,MI,OI,OI,MI,MI,MI,MI,MI,MI,OI,,OI,OI,OI,MI,OI,OI,OI,OI,,,,,,,,,,,,,,,,
Retail,RET,Beauty & Personal Care,RET-13,Bath & Body,RET-13-10,Lotions & Creams,RET-13-10-14,Mousses,RET-13-10-14-15,,MC,MC,MC,MC,MC,MC,MI,MI,MI,MI,MI,MI,MI,MI,MI,MI,MI,MI,MI,MI,MI,MI,OI,OI,MI,MI,MI,MI,MI,MI,OI,,OI,OI,OI,MI,OI,OI,OI,OI,,,,,,,,,,,,,,,,
Retail,RET,Beauty & Personal Care,RET-13,Feminine Care,RET-13-11,Feminine Hygiene,RET-13-11-10,Sanitary Napkins,RET-13-11-10-10,,MC,MC,MC,MC,MC,MC,MI,MI,MI,MI,MI,MI,MI,MI,MI,MI,MI,MI,MI,MI,MI,MI,OI,OI,MI,MI,MI,MI,MI,MI,OI,,OI,OI,OI,MI,OI,OI,OI,OI,,,,,,,,,,,,,,,,
Retail,RET,Beauty & Personal Care,RET-13,Feminine Care,RET-13-11,Feminine Hygiene,RET-13-11-10,Menstrual Cups,RET-13-11-10-11,,MC,MC,MC,MC,MC,MC,MI,MI,MI,MI,MI,MI,MI,MI,MI,MI,MI,MI,MI,MI,MI,MI,OI,OI,MI,MI,MI,MI,MI,MI,OI,,OI,OI,OI,MI,OI,OI,OI,OI,,,,,,,,,,,,,,,,
Retail,RET,Beauty & Personal Care,RET-13,Feminine Care,RET-13-11,Feminine Hygiene,RET-13-11-10,Pantyliners,RET-13-11-10-12,,MC,MC,MC,MC,MC,MC,MI,MI,MI,MI,MI,MI,MI,MI,MI,MI,MI,MI,MI,MI,MI,MI,OI,OI,MI,MI,MI,MI,MI,MI,OI,,OI,OI,OI,MI,OI,OI,OI,OI,,,,,,,,,,,,,,,,
Retail,RET,Beauty & Personal Care,RET-13,Feminine Care,RET-13-11,Feminine Hygiene,RET-13-11-10,Tampons,RET-13-11-10-13,,MC,MC,MC,MC,MC,MC,MI,MI,MI,MI,MI,MI,MI,MI,MI,MI,MI,MI,MI,MI,MI,MI,OI,OI,MI,MI,MI,MI,MI,MI,OI,,OI,OI,OI,MI,OI,OI,OI,OI,,,,,,,,,,,,,,,,
Retail,RET,Beauty & Personal Care,RET-13,Feminine Care,RET-13-11,Feminine Hygiene,RET-13-11-10,Douche & Enema Products,RET-13-11-10-14,,MC,MC,MC,MC,MC,MC,MI,MI,MI,MI,MI,MI,MI,MI,MI,MI,MI,MI,MI,MI,MI,MI,OI,OI,MI,MI,MI,MI,MI,MI,OI,,OI,OI,OI,MI,OI,OI,OI,OI,,,,,,,,,,,,,,,,
Retail,RET,Beauty & Personal Care,RET-13,Feminine Care,RET-13-11,Intimate Wash & Care,RET-13-11-11,Feminine Washes,RET-13-11-11-10,,MC,MC,MC,MC,MC,MC,MI,MI,MI,MI,MI,MI,MI,MI,MI,MI,MI,MI,MI,MI,MI,MI,OI,OI,MI,MI,MI,MI,MI,MI,OI,,OI,OI,OI,MI,OI,OI,OI,OI,,,,,,,,,,,,,,,,
Retail,RET,Beauty & Personal Care,RET-13,Feminine Care,RET-13-11,Intimate Wash & Care,RET-13-11-11,Feminine Wipes,RET-13-11-11-11,,MC,MC,MC,MC,MC,MC,MI,MI,MI,MI,MI,MI,MI,MI,MI,MI,MI,MI,MI,MI,MI,MI,OI,OI,MI,MI,MI,MI,MI,MI,OI,,OI,OI,OI,MI,OI,OI,OI,OI,,,,,,,,,,,,,,,,
Retail,RET,Beauty & Personal Care,RET-13,Feminine Care,RET-13-11,Intimate Wash & Care,RET-13-11-11,"Shaving Cream, Foams & Gels",RET-13-11-11-12,,MC,MC,MC,MC,MC,MC,MI,MI,MI,MI,MI,MI,MI,MI,MI,MI,MI,MI,MI,MI,MI,MI,OI,OI,MI,MI,MI,MI,MI,MI,OI,,OI,OI,OI,MI,OI,OI,OI,OI,,,,,,,,,,,,,,,,
Retail,RET,Beauty & Personal Care,RET-13,Feminine Care,RET-13-11,Intimate Wash & Care,RET-13-11-11,Blades & Razors,RET-13-11-11-13,,MC,MC,MC,MC,MC,MC,MI,MI,MI,MI,MI,MI,MI,MI,MI,MI,MI,MI,MI,MI,MI,MI,OI,OI,MI,MI,MI,MI,MI,MI,OI,,OI,OI,OI,MI,OI,OI,OI,OI,,,,,,,,,,,,,,,,
Retail,RET,Beauty & Personal Care,RET-13,Fragrance,RET-13-12,Deodorants & Antiperspirants,RET-13-12-10,Antiperspirant Deodorant,RET-13-12-10-10,,MC,MC,MC,MC,MC,MC,MI,MI,MI,MI,MI,MI,MI,MI,MI,MI,MI,MI,MI,MI,MI,MI,OI,OI,MI,MI,MI,MI,MI,MI,OI,MC,OI,OI,OI,MI,OI,OI,OI,OI,MI,OI,,,,,,,,,,,,,,
Retail,RET,Beauty & Personal Care,RET-13,Fragrance,RET-13-12,Deodorants & Antiperspirants,RET-13-12-10,Antiperspirants,RET-13-12-10-11,,MC,MC,MC,MC,MC,MC,MI,MI,MI,MI,MI,MI,MI,MI,MI,MI,MI,MI,MI,MI,MI,MI,OI,OI,MI,MI,MI,MI,MI,MI,OI,MC,OI,OI,OI,MI,OI,OI,OI,OI,MI,OI,,,,,,,,,,,,,,
Retail,RET,Beauty & Personal Care,RET-13,Fragrance,RET-13-12,Deodorants & Antiperspirants,RET-13-12-10,Deodorant Sprays,RET-13-12-10-12,,MC,MC,MC,MC,MC,MC,MI,MI,MI,MI,MI,MI,MI,MI,MI,MI,MI,MI,MI,MI,MI,MI,OI,OI,MI,MI,MI,MI,MI,MI,OI,MC,OI,OI,OI,MI,OI,OI,OI,OI,MI,OI,,,,,,,,,,,,,,
Retail,RET,Beauty & Personal Care,RET-13,Fragrance,RET-13-12,Deodorants & Antiperspirants,RET-13-12-10,Deodorant Sticks,RET-13-12-10-13,,MC,MC,MC,MC,MC,MC,MI,MI,MI,MI,MI,MI,MI,MI,MI,MI,MI,MI,MI,MI,MI,MI,OI,OI,MI,MI,MI,MI,MI,MI,OI,MC,OI,OI,OI,MI,OI,OI,OI,OI,MI,OI,,,,,,,,,,,,,,
Retail,RET,Beauty & Personal Care,RET-13,Fragrance,RET-13-12,Deodorants & Antiperspirants,RET-13-12-10,Deodorant Roll Ons,RET-13-12-10-14,,MC,MC,MC,MC,MC,MC,MI,MI,MI,MI,MI,MI,MI,MI,MI,MI,MI,MI,MI,MI,MI,MI,OI,OI,MI,MI,MI,MI,MI,MI,OI,MC,OI,OI,OI,MI,OI,OI,OI,OI,MI,OI,,,,,,,,,,,,,,
Retail,RET,Beauty & Personal Care,RET-13,Fragrance,RET-13-12,Perfumes,RET-13-12-11,Eau de Toilette,RET-13-12-11-10,,MC,MC,MC,MC,MC,MC,MI,MI,MI,MI,MI,MI,MI,MI,MI,MI,MI,MI,MI,MI,MI,MI,OI,OI,MI,MI,MI,MI,MI,MI,OI,MC,OI,OI,OI,MI,OI,OI,OI,OI,MI,OI,,,,,,,,,,,,,,
Retail,RET,Beauty & Personal Care,RET-13,Fragrance,RET-13-12,Perfumes,RET-13-12-11,Eau de Parfum,RET-13-12-11-11,,MC,MC,MC,MC,MC,MC,MI,MI,MI,MI,MI,MI,MI,MI,MI,MI,MI,MI,MI,MI,MI,MI,OI,OI,MI,MI,MI,MI,MI,MI,OI,MC,OI,OI,OI,MI,OI,OI,OI,OI,MI,OI,,,,,,,,,,,,,,
Retail,RET,Beauty & Personal Care,RET-13,Fragrance,RET-13-12,Perfumes,RET-13-12-11,Eau de Cologne,RET-13-12-11-12,,MC,MC,MC,MC,MC,MC,MI,MI,MI,MI,MI,MI,MI,MI,MI,MI,MI,MI,MI,MI,MI,MI,OI,OI,MI,MI,MI,MI,MI,MI,OI,MC,OI,OI,OI,MI,OI,OI,OI,OI,MI,OI,,,,,,,,,,,,,,
Retail,RET,Beauty & Personal Care,RET-13,Fragrance,RET-13-12,Perfumes,RET-13-12-11,Perfume,RET-13-12-11-13,,MC,MC,MC,MC,MC,MC,MI,MI,MI,MI,MI,MI,MI,MI,MI,MI,MI,MI,MI,MI,MI,MI,OI,OI,MI,MI,MI,MI,MI,MI,OI,MC,OI,OI,OI,MI,OI,OI,OI,OI,MI,OI,,,,,,,,,,,,,,
Retail,RET,Beauty & Personal Care,RET-13,Fragrance,RET-13-12,Perfumes,RET-13-12-11,Attar,RET-13-12-11-14,,MC,MC,MC,MC,MC,MC,MI,MI,MI,MI,MI,MI,MI,MI,MI,MI,MI,MI,MI,MI,MI,MI,OI,OI,MI,MI,MI,MI,MI,MI,OI,MC,OI,OI,OI,MI,OI,OI,OI,OI,MI,OI,,,,,,,,,,,,,,
Retail,RET,Beauty & Personal Care,RET-13,Fragrance,RET-13-12,Perfumes,RET-13-12-11,Body Sprays & Mists,RET-13-12-11-15,,MC,MC,MC,MC,MC,MC,MI,MI,MI,MI,MI,MI,MI,MI,MI,MI,MI,MI,MI,MI,MI,MI,OI,OI,MI,MI,MI,MI,MI,MI,OI,MC,OI,OI,OI,MI,OI,OI,OI,OI,MI,OI,,,,,,,,,,,,,,
Retail,RET,Beauty & Personal Care,RET-13,Fragrance,RET-13-12,Fragrance,RET-13-12-12,Gift Sets,RET-13-12-12-10,,MC,MC,MC,MC,MC,MC,MI,MI,MI,MI,MI,MI,MI,MI,MI,MI,MI,MI,MI,MI,MI,MI,OI,OI,MI,MI,MI,MI,MI,MI,OI,MC,OI,OI,OI,MI,OI,OI,OI,OI,MI,OI,,,,,,,,,,,,,,
Retail,RET,Beauty & Personal Care,RET-13,Hair Care,RET-13-13,Hair Color,RET-13-13-10,Colour Additives & Fillers,RET-13-13-10-10,MC,MC,MC,MC,MC,MC,MC,MI,MI,MI,MI,MI,MI,MI,MI,MI,MI,MI,MI,MI,MI,MI,MI,OI,OI,MI,MI,MI,MI,MI,MI,OI,,OI,OI,OI,MI,OI,OI,OI,OI,,,OI,OI,,,,,,,,,,,,
Retail,RET,Beauty & Personal Care,RET-13,Hair Care,RET-13-13,Hair Color,RET-13-13-10,Colour Refreshers,RET-13-13-10-11,MC,MC,MC,MC,MC,MC,MC,MI,MI,MI,MI,MI,MI,MI,MI,MI,MI,MI,MI,MI,MI,MI,MI,OI,OI,MI,MI,MI,MI,MI,MI,OI,,OI,OI,OI,MI,OI,OI,OI,OI,,,OI,OI,,,,,,,,,,,,
Retail,RET,Beauty & Personal Care,RET-13,Hair Care,RET-13-13,Hair Color,RET-13-13-10,Developers,RET-13-13-10-12,MC,MC,MC,MC,MC,MC,MC,MI,MI,MI,MI,MI,MI,MI,MI,MI,MI,MI,MI,MI,MI,MI,MI,OI,OI,MI,MI,MI,MI,MI,MI,OI,,OI,OI,OI,MI,OI,OI,OI,OI,,,OI,OI,,,,,,,,,,,,
Retail,RET,Beauty & Personal Care,RET-13,Hair Care,RET-13-13,Hair Color,RET-13-13-10,Hair Bleach,RET-13-13-10-13,MC,MC,MC,MC,MC,MC,MC,MI,MI,MI,MI,MI,MI,MI,MI,MI,MI,MI,MI,MI,MI,MI,MI,OI,OI,MI,MI,MI,MI,MI,MI,OI,,OI,OI,OI,MI,OI,OI,OI,OI,,,OI,OI,,,,,,,,,,,,
Retail,RET,Beauty & Personal Care,RET-13,Hair Care,RET-13-13,Hair Color,RET-13-13-10,Hair Chalks,RET-13-13-10-14,MC,MC,MC,MC,MC,MC,MC,MI,MI,MI,MI,MI,MI,MI,MI,MI,MI,MI,MI,MI,MI,MI,MI,OI,OI,MI,MI,MI,MI,MI,MI,OI,,OI,OI,OI,MI,OI,OI,OI,OI,,,OI,OI,,,,,,,,,,,,
Retail,RET,Beauty & Personal Care,RET-13,Hair Care,RET-13-13,Hair Color,RET-13-13-10,Hair Colour Removers,RET-13-13-10-15,,MC,MC,MC,MC,MC,MC,MI,MI,MI,MI,MI,MI,MI,MI,MI,MI,MI,MI,MI,MI,MI,MI,OI,OI,MI,MI,MI,MI,MI,MI,OI,,OI,OI,OI,MI,OI,OI,OI,OI,,,OI,OI,,,,,,,,,,,,
Retail,RET,Beauty & Personal Care,RET-13,Hair Care,RET-13-13,Hair Color,RET-13-13-10,Hennas,RET-13-13-10-16,MC,MC,MC,MC,MC,MC,MC,MI,MI,MI,MI,MI,MI,MI,MI,MI,MI,MI,MI,MI,MI,MI,MI,OI,OI,MI,MI,MI,MI,MI,MI,OI,,OI,OI,OI,MI,OI,OI,OI,OI,,,OI,OI,,,,,,,,,,,,
Retail,RET,Beauty & Personal Care,RET-13,Hair Care,RET-13-13,Hair Color,RET-13-13-10,Hair Mascaras & Root Touch Ups,RET-13-13-10-17,MC,MC,MC,MC,MC,MC,MC,MI,MI,MI,MI,MI,MI,MI,MI,MI,MI,MI,MI,MI,MI,MI,MI,OI,OI,MI,MI,MI,MI,MI,MI,OI,,OI,OI,OI,MI,OI,OI,OI,OI,,,OI,OI,,,,,,,,,,,,
Retail,RET,Beauty & Personal Care,RET-13,Hair Care,RET-13-13,Hair Color,RET-13-13-10,Hair Colouring Tools,RET-13-13-10-18,MC,MC,MC,MC,MC,MC,MC,MI,MI,MI,MI,MI,MI,MI,MI,MI,MI,MI,MI,MI,MI,MI,MI,OI,OI,MI,MI,MI,MI,MI,MI,OI,,OI,OI,OI,MI,OI,OI,OI,OI,,,OI,OI,,,,,,,,,,,,
Retail,RET,Beauty & Personal Care,RET-13,Hair Care,RET-13-13,Hair Color,RET-13-13-10,Highlight Kits,RET-13-13-10-19,MC,MC,MC,MC,MC,MC,MC,MI,MI,MI,MI,MI,MI,MI,MI,MI,MI,MI,MI,MI,MI,MI,MI,OI,OI,MI,MI,MI,MI,MI,MI,OI,,OI,OI,OI,MI,OI,OI,OI,OI,,,OI,OI,,,,,,,,,,,,
Retail,RET,Beauty & Personal Care,RET-13,Hair Care,RET-13-13,Hair Color,RET-13-13-10,Permanent Colour,RET-13-13-10-1A,MC,MC,MC,MC,MC,MC,MC,MI,MI,MI,MI,MI,MI,MI,MI,MI,MI,MI,MI,MI,MI,MI,MI,OI,OI,MI,MI,MI,MI,MI,MI,OI,,OI,OI,OI,MI,OI,OI,OI,OI,,,OI,OI,,,,,,,,,,,,
Retail,RET,Beauty & Personal Care,RET-13,Hair Care,RET-13-13,Hair Color,RET-13-13-10,Semi-Permanent Colour,RET-13-13-10-1B,MC,MC,MC,MC,MC,MC,MC,MI,MI,MI,MI,MI,MI,MI,MI,MI,MI,MI,MI,MI,MI,MI,MI,OI,OI,MI,MI,MI,MI,MI,MI,OI,,OI,OI,OI,MI,OI,OI,OI,OI,,,OI,OI,,,,,,,,,,,,
Retail,RET,Beauty & Personal Care,RET-13,Hair Care,RET-13-13,Hair Oils,RET-13-13-11,Hair Oils,RET-13-13-11-10,,MC,MC,MC,MC,MC,MC,MI,MI,MI,MI,MI,MI,MI,MI,MI,MI,MI,MI,MI,MI,MI,MI,OI,OI,MI,MI,MI,MI,MI,MI,OI,,OI,OI,OI,MI,OI,OI,OI,OI,,,OI,OI,,,,,,,,,,,,
Retail,RET,Beauty & Personal Care,RET-13,Hair Care,RET-13-13,Hair Masks & Packs,RET-13-13-12,Hair Masks & Packs,RET-13-13-12-10,MC,MC,MC,MC,MC,MC,MC,MI,MI,MI,MI,MI,MI,MI,MI,MI,MI,MI,MI,MI,MI,MI,MI,OI,OI,MI,MI,MI,MI,MI,MI,OI,,OI,OI,OI,MI,OI,OI,OI,OI,,,OI,OI,,,,,,,,,,,,
Retail,RET,Beauty & Personal Care,RET-13,Hair Care,RET-13-13,Hair Cutting Tools,RET-13-13-13,Hair Clippers & Accessories,RET-13-13-13-10,,MC,MC,MC,MC,MC,MC,MI,MI,MI,MI,MI,MI,MI,MI,MI,MI,MI,MI,MI,MI,MI,MI,OI,OI,MI,MI,MI,MI,MI,MI,OI,,OI,OI,OI,MI,OI,OI,OI,OI,,,OI,OI,,,,,,,,,,,,
Retail,RET,Beauty & Personal Care,RET-13,Hair Care,RET-13-13,Hair Cutting Tools,RET-13-13-13,Hair Cutting Kits,RET-13-13-13-11,,MC,MC,MC,MC,MC,MC,MI,MI,MI,MI,MI,MI,MI,MI,MI,MI,MI,MI,MI,MI,MI,MI,OI,OI,MI,MI,MI,MI,MI,MI,OI,,OI,OI,OI,MI,OI,OI,OI,OI,,,OI,OI,,,,,,,,,,,,
Retail,RET,Beauty & Personal Care,RET-13,Hair Care,RET-13-13,Hair Cutting Tools,RET-13-13-13,Scissors,RET-13-13-13-12,,MC,MC,MC,MC,MC,MC,MI,MI,MI,MI,MI,MI,MI,MI,MI,MI,MI,MI,MI,MI,MI,MI,OI,OI,MI,MI,MI,MI,MI,MI,OI,,OI,OI,OI,MI,OI,OI,OI,OI,,,OI,OI,,,,,,,,,,,,
Retail,RET,Beauty & Personal Care,RET-13,Hair Care,RET-13-13,Hair Cutting Tools,RET-13-13-13,Shear & Razor Cases,RET-13-13-13-13,,MC,MC,MC,MC,MC,MC,MI,MI,MI,MI,MI,MI,MI,MI,MI,MI,MI,MI,MI,MI,MI,MI,OI,OI,MI,MI,MI,MI,MI,MI,OI,,OI,OI,OI,MI,OI,OI,OI,OI,,,OI,OI,,,,,,,,,,,,
Retail,RET,Beauty & Personal Care,RET-13,Hair Care,RET-13-13,Hair Extensions & Wigs,RET-13-13-14,Adhesives,RET-13-13-14-10,MC,MC,MC,MC,MC,MC,MC,MI,MI,MI,MI,MI,MI,MI,MI,MI,MI,MI,MI,MI,MI,MI,MI,OI,OI,MI,MI,MI,MI,MI,MI,OI,,OI,OI,OI,MI,OI,OI,OI,OI,,,OI,OI,,,,OI,OI,,,,,,,
Retail,RET,Beauty & Personal Care,RET-13,Hair Care,RET-13-13,Hair Extensions & Wigs,RET-13-13-14,Feather Extensions,RET-13-13-14-11,MC,MC,MC,MC,MC,MC,MC,MI,MI,MI,MI,MI,MI,MI,MI,MI,MI,MI,MI,MI,MI,MI,MI,OI,OI,MI,MI,MI,MI,MI,MI,OI,,OI,OI,OI,MI,OI,OI,OI,OI,,,OI,OI,,,,OI,OI,,,,,,,
Retail,RET,Beauty & Personal Care,RET-13,Hair Care,RET-13-13,Hair Extensions & Wigs,RET-13-13-14,Hair Extensions,RET-13-13-14-12,MC,MC,MC,MC,MC,MC,MC,MI,MI,MI,MI,MI,MI,MI,MI,MI,MI,MI,MI,MI,MI,MI,MI,OI,OI,MI,MI,MI,MI,MI,MI,OI,,OI,OI,OI,MI,OI,OI,OI,OI,,,OI,OI,,,,OI,OI,,,,,,,
Retail,RET,Beauty & Personal Care,RET-13,Hair Care,RET-13-13,Hair Extensions & Wigs,RET-13-13-14,Hairpieces,RET-13-13-14-13,MC,MC,MC,MC,MC,MC,MC,MI,MI,MI,MI,MI,MI,MI,MI,MI,MI,MI,MI,MI,MI,MI,MI,OI,OI,MI,MI,MI,MI,MI,MI,OI,,OI,OI,OI,MI,OI,OI,OI,OI,,,OI,OI,,,,OI,OI,,,,,,,
Retail,RET,Beauty & Personal Care,RET-13,Hair Care,RET-13-13,Hair Extensions & Wigs,RET-13-13-14,Wig Head Stands,RET-13-13-14-14,,MC,MC,MC,MC,MC,MC,MI,MI,MI,MI,MI,MI,MI,MI,MI,MI,MI,MI,MI,MI,MI,MI,OI,OI,MI,MI,MI,MI,MI,MI,OI,,OI,OI,OI,MI,OI,OI,OI,OI,,,OI,OI,,,,OI,OI,,,,,,,
Retail,RET,Beauty & Personal Care,RET-13,Hair Care,RET-13-13,Hair Extensions & Wigs,RET-13-13-14,Wigs,RET-13-13-14-15,MC,MC,MC,MC,MC,MC,MC,MI,MI,MI,MI,MI,MI,MI,MI,MI,MI,MI,MI,MI,MI,MI,MI,OI,OI,MI,MI,MI,MI,MI,MI,OI,,OI,OI,OI,MI,OI,OI,OI,OI,,,OI,OI,,,,OI,OI,,,,,,,
Retail,RET,Beauty & Personal Care,RET-13,Hair Care,RET-13-13,Hair Loss Products,RET-13-13-15,Hair Regrowth Conditioners,RET-13-13-15-10,,MC,MC,MC,MC,MC,MC,MI,MI,MI,MI,MI,MI,MI,MI,MI,MI,MI,MI,MI,MI,MI,MI,OI,OI,MI,MI,MI,MI,MI,MI,OI,,OI,OI,OI,MI,OI,OI,OI,OI,,,OI,OI,,,,,,,,,,,,
Retail,RET,Beauty & Personal Care,RET-13,Hair Care,RET-13-13,Hair Loss Products,RET-13-13-15,Hair Regrowth Shampoos,RET-13-13-15-11,,MC,MC,MC,MC,MC,MC,MI,MI,MI,MI,MI,MI,MI,MI,MI,MI,MI,MI,MI,MI,MI,MI,OI,OI,MI,MI,MI,MI,MI,MI,OI,,OI,OI,OI,MI,OI,OI,OI,OI,,,OI,OI,,,,,,,,,,,,
Retail,RET,Beauty & Personal Care,RET-13,Hair Care,RET-13-13,Hair Loss Products,RET-13-13-15,Hair Regrowth Tonics,RET-13-13-15-12,,MC,MC,MC,MC,MC,MC,MI,MI,MI,MI,MI,MI,MI,MI,MI,MI,MI,MI,MI,MI,MI,MI,OI,OI,MI,MI,MI,MI,MI,MI,OI,,OI,OI,OI,MI,OI,OI,OI,OI,,,OI,OI,,,,,,,,,,,,
Retail,RET,Beauty & Personal Care,RET-13,Hair Care,RET-13-13,Hair Loss Products,RET-13-13-15,Hair Regrowth Treatments,RET-13-13-15-13,,MC,MC,MC,MC,MC,MC,MI,MI,MI,MI,MI,MI,MI,MI,MI,MI,MI,MI,MI,MI,MI,MI,OI,OI,MI,MI,MI,MI,MI,MI,OI,,OI,OI,OI,MI,OI,OI,OI,OI,,,OI,OI,,,,,,,,,,,,
Retail,RET,Beauty & Personal Care,RET-13,Hair Care,RET-13-13,"Hair Combs, Wigs & Accessories",RET-13-13-16,Hair Clips,RET-13-13-16-10,,MC,MC,MC,MC,MC,MC,MI,MI,MI,MI,MI,MI,MI,MI,MI,MI,MI,MI,MI,MI,MI,MI,OI,OI,MI,MI,MI,MI,MI,MI,OI,,OI,OI,OI,MI,OI,OI,OI,OI,,,OI,OI,,,,,,,,,,,,
Retail,RET,Beauty & Personal Care,RET-13,Hair Care,RET-13-13,"Hair Combs, Wigs & Accessories",RET-13-13-16,Hair Pins,RET-13-13-16-11,,MC,MC,MC,MC,MC,MC,MI,MI,MI,MI,MI,MI,MI,MI,MI,MI,MI,MI,MI,MI,MI,MI,OI,OI,MI,MI,MI,MI,MI,MI,OI,,OI,OI,OI,MI,OI,OI,OI,OI,,,OI,OI,,,,,,,,,,,,
Retail,RET,Beauty & Personal Care,RET-13,Hair Care,RET-13-13,"Hair Combs, Wigs & Accessories",RET-13-13-16,Bun Shapers,RET-13-13-16-12,,MC,MC,MC,MC,MC,MC,MI,MI,MI,MI,MI,MI,MI,MI,MI,MI,MI,MI,MI,MI,MI,MI,OI,OI,MI,MI,MI,MI,MI,MI,OI,,OI,OI,OI,MI,OI,OI,OI,OI,,,OI,OI,,OI,OI,,,,,,,,,
Retail,RET,Beauty & Personal Care,RET-13,Hair Care,RET-13-13,"Hair Combs, Wigs & Accessories",RET-13-13-16,Claws & Clutchers,RET-13-13-16-13,,MC,MC,MC,MC,MC,MC,MI,MI,MI,MI,MI,MI,MI,MI,MI,MI,MI,MI,MI,MI,MI,MI,OI,OI,MI,MI,MI,MI,MI,MI,OI,,OI,OI,OI,MI,OI,OI,OI,OI,,,OI,OI,,OI,OI,,,,,,,,,
Retail,RET,Beauty & Personal Care,RET-13,Hair Care,RET-13-13,"Hair Combs, Wigs & Accessories",RET-13-13-16,Hair Comb Slides,RET-13-13-16-14,,MC,MC,MC,MC,MC,MC,MI,MI,MI,MI,MI,MI,MI,MI,MI,MI,MI,MI,MI,MI,MI,MI,OI,OI,MI,MI,MI,MI,MI,MI,OI,,OI,OI,OI,MI,OI,OI,OI,OI,,,OI,OI,,OI,OI,,,,,,,,,
Retail,RET,Beauty & Personal Care,RET-13,Hair Care,RET-13-13,"Hair Combs, Wigs & Accessories",RET-13-13-16,Hair Drying Towels,RET-13-13-16-15,,MC,MC,MC,MC,MC,MC,MI,MI,MI,MI,MI,MI,MI,MI,MI,MI,MI,MI,MI,MI,MI,MI,OI,OI,MI,MI,MI,MI,MI,MI,OI,,OI,OI,OI,MI,OI,OI,OI,OI,,,OI,OI,,,,,,,,,,,,
Retail,RET,Beauty & Personal Care,RET-13,Hair Care,RET-13-13,"Hair Combs, Wigs & Accessories",RET-13-13-16,Headbands,RET-13-13-16-16,MC,MC,MC,MC,MC,MC,MC,MI,MI,MI,MI,MI,MI,MI,MI,MI,MI,MI,MI,MI,MI,MI,MI,OI,OI,MI,MI,MI,MI,MI,MI,OI,,OI,OI,OI,MI,OI,OI,OI,OI,,,OI,OI,,OI,OI,,,,,,,,,
Retail,RET,Beauty & Personal Care,RET-13,Hair Care,RET-13-13,"Hair Combs, Wigs & Accessories",RET-13-13-16,Ponytail Holders,RET-13-13-16-17,,MC,MC,MC,MC,MC,MC,MI,MI,MI,MI,MI,MI,MI,MI,MI,MI,MI,MI,MI,MI,MI,MI,OI,OI,MI,MI,MI,MI,MI,MI,OI,,OI,OI,OI,MI,OI,OI,OI,OI,,,OI,OI,,OI,OI,,,,,,,,,
Retail,RET,Beauty & Personal Care,RET-13,Hair Care,RET-13-13,Hair Styling Tools,RET-13-13-17,Braiders,RET-13-13-17-10,,MC,MC,MC,MC,MC,MC,MI,MI,MI,MI,MI,MI,MI,MI,MI,MI,MI,MI,MI,MI,MI,MI,OI,OI,MI,MI,MI,MI,MI,MI,OI,,OI,OI,OI,MI,OI,OI,OI,OI,,,OI,OI,OI,,,,,,,,,,,
Retail,RET,Beauty & Personal Care,RET-13,Hair Care,RET-13-13,Hair Styling Tools,RET-13-13-17,Brushes,RET-13-13-17-11,,MC,MC,MC,MC,MC,MC,MI,MI,MI,MI,MI,MI,MI,MI,MI,MI,MI,MI,MI,MI,MI,MI,OI,OI,MI,MI,MI,MI,MI,MI,OI,,OI,OI,OI,MI,OI,OI,OI,OI,,,OI,OI,OI,,,,,,,,,OI,,
Retail,RET,Beauty & Personal Care,RET-13,Hair Care,RET-13-13,Hair Styling Tools,RET-13-13-17,Combs,RET-13-13-17-12,,MC,MC,MC,MC,MC,MC,MI,MI,MI,MI,MI,MI,MI,MI,MI,MI,MI,MI,MI,MI,MI,MI,OI,OI,MI,MI,MI,MI,MI,MI,OI,,OI,OI,OI,MI,OI,OI,OI,OI,,,OI,OI,OI,,,,,,,,,,,
Retail,RET,Beauty & Personal Care,RET-13,Hair Care,RET-13-13,Hair Styling Tools,RET-13-13-17,Drying Hoods,RET-13-13-17-13,,MC,MC,MC,MC,MC,MC,MI,MI,MI,MI,MI,MI,MI,MI,MI,MI,MI,MI,MI,MI,MI,MI,OI,OI,MI,MI,MI,MI,MI,MI,OI,,OI,OI,OI,MI,OI,OI,OI,OI,,,OI,OI,OI,,,,,,,,,,,
Retail,RET,Beauty & Personal Care,RET-13,Hair Care,RET-13-13,Hair Styling Tools,RET-13-13-17,Hair Dryers & Accessories,RET-13-13-17-14,,MC,MC,MC,MC,MC,MC,MI,MI,MI,MI,MI,MI,MI,MI,MI,MI,MI,MI,MI,MI,MI,MI,OI,OI,MI,MI,MI,MI,MI,MI,OI,,OI,OI,OI,MI,OI,OI,OI,OI,,,OI,OI,OI,,,,,,,,,,,
Retail,RET,Beauty & Personal Care,RET-13,Hair Care,RET-13-13,Hair Styling Tools,RET-13-13-17,Hot Air Brushes,RET-13-13-17-15,,MC,MC,MC,MC,MC,MC,MI,MI,MI,MI,MI,MI,MI,MI,MI,MI,MI,MI,MI,MI,MI,MI,OI,OI,MI,MI,MI,MI,MI,MI,OI,,OI,OI,OI,MI,OI,OI,OI,OI,,,OI,OI,OI,,,,,,,,,OI,,
Retail,RET,Beauty & Personal Care,RET-13,Hair Care,RET-13-13,Hair Styling Tools,RET-13-13-17,Irons,RET-13-13-17-16,,MC,MC,MC,MC,MC,MC,MI,MI,MI,MI,MI,MI,MI,MI,MI,MI,MI,MI,MI,MI,MI,MI,OI,OI,MI,MI,MI,MI,MI,MI,OI,,OI,OI,OI,MI,OI,OI,OI,OI,,,OI,OI,OI,,,,,,,,,,,
Retail,RET,Beauty & Personal Care,RET-13,Hair Care,RET-13-13,Hair Styling Tools,RET-13-13-17,Multi-Stylers,RET-13-13-17-17,,MC,MC,MC,MC,MC,MC,MI,MI,MI,MI,MI,MI,MI,MI,MI,MI,MI,MI,MI,MI,MI,MI,OI,OI,MI,MI,MI,MI,MI,MI,OI,,OI,OI,OI,MI,OI,OI,OI,OI,,,OI,OI,OI,,,,,,,,,,,
Retail,RET,Beauty & Personal Care,RET-13,Hair Care,RET-13-13,Hair Styling Tools,RET-13-13-17,Rollers,RET-13-13-17-18,,MC,MC,MC,MC,MC,MC,MI,MI,MI,MI,MI,MI,MI,MI,MI,MI,MI,MI,MI,MI,MI,MI,OI,OI,MI,MI,MI,MI,MI,MI,OI,,OI,OI,OI,MI,OI,OI,OI,OI,,,OI,OI,OI,,,,,,,,,,,
Retail,RET,Beauty & Personal Care,RET-13,Hair Care,RET-13-13,Hair Styling Tools,RET-13-13-17,Thermal Styling Gloves,RET-13-13-17-19,,MC,MC,MC,MC,MC,MC,MI,MI,MI,MI,MI,MI,MI,MI,MI,MI,MI,MI,MI,MI,MI,MI,OI,OI,MI,MI,MI,MI,MI,MI,OI,,OI,OI,OI,MI,OI,OI,OI,OI,,,OI,OI,OI,,,,,,,,,,,
Retail,RET,Beauty & Personal Care,RET-13,Hair Care,RET-13-13,Hair Care Sets,RET-13-13-18,Hair Care Sets,RET-13-13-18-10,,MC,MC,MC,MC,MC,MC,MI,MI,MI,MI,MI,MI,MI,MI,MI,MI,MI,MI,MI,MI,MI,MI,OI,OI,MI,MI,MI,MI,MI,MI,OI,,OI,OI,OI,MI,OI,OI,OI,OI,,,OI,OI,,,,,,,,,,,,
Retail,RET,Beauty & Personal Care,RET-13,Hair Care,RET-13-13,Hair Perms & Texturizers,RET-13-13-19,Chemical Hair Dyes,RET-13-13-19-10,MC,MC,MC,MC,MC,MC,MC,MI,MI,MI,MI,MI,MI,MI,MI,MI,MI,MI,MI,MI,MI,MI,MI,OI,OI,MI,MI,MI,MI,MI,MI,OI,,OI,OI,OI,MI,OI,OI,OI,OI,,,OI,OI,,,,,,,,,,,,
Retail,RET,Beauty & Personal Care,RET-13,Hair Care,RET-13-13,Hair Perms & Texturizers,RET-13-13-19,Hair Relaxers,RET-13-13-19-11,,MC,MC,MC,MC,MC,MC,MI,MI,MI,MI,MI,MI,MI,MI,MI,MI,MI,MI,MI,MI,MI,MI,OI,OI,MI,MI,MI,MI,MI,MI,OI,,OI,OI,OI,MI,OI,OI,OI,OI,,,OI,OI,,,,,,,,,,,,
Retail,RET,Beauty & Personal Care,RET-13,Hair Care,RET-13-13,Hair Perms & Texturizers,RET-13-13-19,Home Perm Kits,RET-13-13-19-12,,MC,MC,MC,MC,MC,MC,MI,MI,MI,MI,MI,MI,MI,MI,MI,MI,MI,MI,MI,MI,MI,MI,OI,OI,MI,MI,MI,MI,MI,MI,OI,,OI,OI,OI,MI,OI,OI,OI,OI,,,OI,OI,,,,,,,,,,,,
Retail,RET,Beauty & Personal Care,RET-13,Hair Care,RET-13-13,Hair Perms & Texturizers,RET-13-13-19,Perm Accessories,RET-13-13-19-13,,MC,MC,MC,MC,MC,MC,MI,MI,MI,MI,MI,MI,MI,MI,MI,MI,MI,MI,MI,MI,MI,MI,OI,OI,MI,MI,MI,MI,MI,MI,OI,,OI,OI,OI,MI,OI,OI,OI,OI,,,OI,OI,,,,,,,,,,,,
Retail,RET,Beauty & Personal Care,RET-13,Hair Care,RET-13-13,Scalp Treatments,RET-13-13-1A,Scalp Treatments,RET-13-13-1A-10,,MC,MC,MC,MC,MC,MC,MI,MI,MI,MI,MI,MI,MI,MI,MI,MI,MI,MI,MI,MI,MI,MI,OI,OI,MI,MI,MI,MI,MI,MI,OI,,OI,OI,OI,MI,OI,OI,OI,OI,,,OI,OI,,,,,,,,,,,,
Retail,RET,Beauty & Personal Care,RET-13,Hair Care,RET-13-13,Shampoos & Conditioners,RET-13-13-1B,2-in-1 Shampoo & Conditioner,RET-13-13-1B-10,,MC,MC,MC,MC,MC,MC,MI,MI,MI,MI,MI,MI,MI,MI,MI,MI,MI,MI,MI,MI,MI,MI,OI,OI,MI,MI,MI,MI,MI,MI,OI,OI,OI,OI,OI,MI,OI,OI,OI,OI,,,OI,OI,,,,,,,,,,,,
Retail,RET,Beauty & Personal Care,RET-13,Hair Care,RET-13-13,Shampoos & Conditioners,RET-13-13-1B,"3-in-1 Shampoo, Conditioner & Body Wash",RET-13-13-1B-11,,MC,MC,MC,MC,MC,MC,MI,MI,MI,MI,MI,MI,MI,MI,MI,MI,MI,MI,MI,MI,MI,MI,OI,OI,MI,MI,MI,MI,MI,MI,OI,OI,OI,OI,OI,MI,OI,OI,OI,OI,,,OI,OI,,,,,,,,,,,,
Retail,RET,Beauty & Personal Care,RET-13,Hair Care,RET-13-13,Shampoos & Conditioners,RET-13-13-1B,Shampoos,RET-13-13-1B-12,,MC,MC,MC,MC,MC,MC,MI,MI,MI,MI,MI,MI,MI,MI,MI,MI,MI,MI,MI,MI,MI,MI,OI,OI,MI,MI,MI,MI,MI,MI,OI,OI,OI,OI,OI,MI,OI,OI,OI,OI,,,OI,OI,,,,,,,,,,,,
Retail,RET,Beauty & Personal Care,RET-13,Hair Care,RET-13-13,Shampoos & Conditioners,RET-13-13-1B,Deep Conditioners & Treatments,RET-13-13-1B-13,,MC,MC,MC,MC,MC,MC,MI,MI,MI,MI,MI,MI,MI,MI,MI,MI,MI,MI,MI,MI,MI,MI,OI,OI,MI,MI,MI,MI,MI,MI,OI,OI,OI,OI,OI,MI,OI,OI,OI,OI,,,OI,OI,,,,,,,,,,,,
Retail,RET,Beauty & Personal Care,RET-13,Hair Care,RET-13-13,Shampoos & Conditioners,RET-13-13-1B,Conditioners,RET-13-13-1B-14,,MC,MC,MC,MC,MC,MC,MI,MI,MI,MI,MI,MI,MI,MI,MI,MI,MI,MI,MI,MI,MI,MI,OI,OI,MI,MI,MI,MI,MI,MI,OI,OI,OI,OI,OI,MI,OI,OI,OI,OI,,,OI,OI,,,,,,,,,,,,
Retail,RET,Beauty & Personal Care,RET-13,Hair Care,RET-13-13,Shampoos & Conditioners,RET-13-13-1B,Dry Shampoos & Conditioners,RET-13-13-1B-15,,MC,MC,MC,MC,MC,MC,MI,MI,MI,MI,MI,MI,MI,MI,MI,MI,MI,MI,MI,MI,MI,MI,OI,OI,MI,MI,MI,MI,MI,MI,OI,OI,OI,OI,OI,MI,OI,OI,OI,OI,,,OI,OI,,,,,,,,,,,,
Retail,RET,Beauty & Personal Care,RET-13,Hair Care,RET-13-13,Hair Styling,RET-13-13-1C,"Creams, Gels & Lotions",RET-13-13-1C-10,,MC,MC,MC,MC,MC,MC,MI,MI,MI,MI,MI,MI,MI,MI,MI,MI,MI,MI,MI,MI,MI,MI,OI,OI,MI,MI,MI,MI,MI,MI,OI,OI,OI,OI,OI,MI,OI,OI,OI,OI,,,OI,OI,,,,,,,,,,,,
Retail,RET,Beauty & Personal Care,RET-13,Hair Care,RET-13-13,Hair Styling,RET-13-13-1C,Hair Sprays & Mists,RET-13-13-1C-11,,MC,MC,MC,MC,MC,MC,MI,MI,MI,MI,MI,MI,MI,MI,MI,MI,MI,MI,MI,MI,MI,MI,OI,OI,MI,MI,MI,MI,MI,MI,OI,OI,OI,OI,OI,MI,OI,OI,OI,OI,,,OI,OI,,,,,,,,,,,,
Retail,RET,Beauty & Personal Care,RET-13,Hair Care,RET-13-13,Hair Styling,RET-13-13-1C,Detanglers,RET-13-13-1C-12,,MC,MC,MC,MC,MC,MC,MI,MI,MI,MI,MI,MI,MI,MI,MI,MI,MI,MI,MI,MI,MI,MI,OI,OI,MI,MI,MI,MI,MI,MI,OI,OI,OI,OI,OI,MI,OI,OI,OI,OI,,,OI,OI,,,,,,,,,,,,
Retail,RET,Beauty & Personal Care,RET-13,Hair Care,RET-13-13,Hair Styling,RET-13-13-1C,Hair Serums,RET-13-13-1C-13,,MC,MC,MC,MC,MC,MC,MI,MI,MI,MI,MI,MI,MI,MI,MI,MI,MI,MI,MI,MI,MI,MI,OI,OI,MI,MI,MI,MI,MI,MI,OI,OI,OI,OI,OI,MI,OI,OI,OI,OI,,,OI,OI,,,,,,,,,,,,
Retail,RET,Beauty & Personal Care,RET-13,Hair Care,RET-13-13,Hair Styling,RET-13-13-1C,Mousses,RET-13-13-1C-14,,MC,MC,MC,MC,MC,MC,MI,MI,MI,MI,MI,MI,MI,MI,MI,MI,MI,MI,MI,MI,MI,MI,OI,OI,MI,MI,MI,MI,MI,MI,OI,,OI,OI,OI,MI,OI,OI,OI,OI,,,OI,OI,,,,,,,,,,,,
Retail,RET,Beauty & Personal Care,RET-13,Hair Care,RET-13-13,Hair Styling,RET-13-13-1C,Hair Lotions & Tonics,RET-13-13-1C-15,,MC,MC,MC,MC,MC,MC,MI,MI,MI,MI,MI,MI,MI,MI,MI,MI,MI,MI,MI,MI,MI,MI,OI,OI,MI,MI,MI,MI,MI,MI,OI,,OI,OI,OI,MI,OI,OI,OI,OI,,,OI,OI,,,,,,,,,,,,
Retail,RET,Beauty & Personal Care,RET-13,Hair Care,RET-13-13,Hair Styling,RET-13-13-1C,Waxes,RET-13-13-1C-16,,MC,MC,MC,MC,MC,MC,MI,MI,MI,MI,MI,MI,MI,MI,MI,MI,MI,MI,MI,MI,MI,MI,OI,OI,MI,MI,MI,MI,MI,MI,OI,,OI,OI,OI,MI,OI,OI,OI,OI,,,OI,OI,,,,,,,,,,,,
Retail,RET,Beauty & Personal Care,RET-13,Hair Care,RET-13-13,Hair Styling,RET-13-13-1C,Clays,RET-13-13-1C-17,,MC,MC,MC,MC,MC,MC,MI,MI,MI,MI,MI,MI,MI,MI,MI,MI,MI,MI,MI,MI,MI,MI,OI,OI,MI,MI,MI,MI,MI,MI,OI,,OI,OI,OI,MI,OI,OI,OI,OI,,,OI,OI,,,,,,,,,,,,
Retail,RET,Beauty & Personal Care,RET-13,Hair Care,RET-13-13,Hair Styling,RET-13-13-1C,Foams,RET-13-13-1C-18,,MC,MC,MC,MC,MC,MC,MI,MI,MI,MI,MI,MI,MI,MI,MI,MI,MI,MI,MI,MI,MI,MI,OI,OI,MI,MI,MI,MI,MI,MI,OI,,OI,OI,OI,MI,OI,OI,OI,OI,,,OI,OI,,,,,,,,,,,,
Retail,RET,Beauty & Personal Care,RET-13,Hair Care,RET-13-13,Hair Styling,RET-13-13-1C,Oils,RET-13-13-1C-19,,MC,MC,MC,MC,MC,MC,MI,MI,MI,MI,MI,MI,MI,MI,MI,MI,MI,MI,MI,MI,MI,MI,OI,OI,MI,MI,MI,MI,MI,MI,OI,,OI,OI,OI,MI,OI,OI,OI,OI,,,OI,OI,,,,,,,,,,,,
Retail,RET,Beauty & Personal Care,RET-13,Hair Care,RET-13-13,Hair Styling,RET-13-13-1C,Pomades,RET-13-13-1C-1A,,MC,MC,MC,MC,MC,MC,MI,MI,MI,MI,MI,MI,MI,MI,MI,MI,MI,MI,MI,MI,MI,MI,OI,OI,MI,MI,MI,MI,MI,MI,OI,,OI,OI,OI,MI,OI,OI,OI,OI,,,OI,OI,,,,,,,,,,,,
Retail,RET,Beauty & Personal Care,RET-13,Hair Care,RET-13-13,Hair Styling,RET-13-13-1C,Putties,RET-13-13-1C-1B,,MC,MC,MC,MC,MC,MC,MI,MI,MI,MI,MI,MI,MI,MI,MI,MI,MI,MI,MI,MI,MI,MI,OI,OI,MI,MI,MI,MI,MI,MI,OI,,OI,OI,OI,MI,OI,OI,OI,OI,,,OI,OI,,,,,,,,,,,,
Retail,RET,Beauty & Personal Care,RET-13,Hair Care,RET-13-13,Hair Styling,RET-13-13-1C,Root Lifting Powders,RET-13-13-1C-1C,,MC,MC,MC,MC,MC,MC,MI,MI,MI,MI,MI,MI,MI,MI,MI,MI,MI,MI,MI,MI,MI,MI,OI,OI,MI,MI,MI,MI,MI,MI,OI,,OI,OI,OI,MI,OI,OI,OI,OI,,,OI,OI,,,,,,,,,,,,
Retail,RET,Beauty & Personal Care,RET-13,Hair Care,RET-13-13,Hair Styling,RET-13-13-1C,Salt Water Sprays,RET-13-13-1C-1D,,MC,MC,MC,MC,MC,MC,MI,MI,MI,MI,MI,MI,MI,MI,MI,MI,MI,MI,MI,MI,MI,MI,OI,OI,MI,MI,MI,MI,MI,MI,OI,,OI,OI,OI,MI,OI,OI,OI,OI,,,OI,OI,,,,,,,,,,,,
Retail,RET,Beauty & Personal Care,RET-13,Hair Care,RET-13-13,Hair Styling,RET-13-13-1C,Thermal Protector Sprays,RET-13-13-1C-1E,,MC,MC,MC,MC,MC,MC,MI,MI,MI,MI,MI,MI,MI,MI,MI,MI,MI,MI,MI,MI,MI,MI,OI,OI,MI,MI,MI,MI,MI,MI,OI,,OI,OI,OI,MI,OI,OI,OI,OI,,,OI,OI,,,,,,,,,,,,
Retail,RET,Beauty & Personal Care,RET-13,Hair Care,RET-13-13,Hair Styling,RET-13-13-1C,Hair Fragrances,RET-13-13-1C-1F,,MC,MC,MC,MC,MC,MC,MI,MI,MI,MI,MI,MI,MI,MI,MI,MI,MI,MI,MI,MI,MI,MI,OI,OI,MI,MI,MI,MI,MI,MI,OI,,OI,OI,OI,MI,OI,OI,OI,OI,,,OI,OI,,,,,,,,,,,,
Retail,RET,Beauty & Personal Care,RET-13,Make Up,RET-13-14,Nail Care & Art,RET-13-14-10,Dip Manicure,RET-13-14-10-10,MC,MC,MC,MC,MC,MC,MC,MI,MI,MI,MI,MI,MI,MI,MI,MI,MI,MI,MI,MI,MI,MI,MI,OI,OI,MI,MI,MI,MI,MI,MI,OI,,OI,OI,OI,MI,OI,OI,OI,OI,,,,,,,,,,OI,OI,OI,OI,,,
Retail,RET,Beauty & Personal Care,RET-13,Make Up,RET-13-14,Nail Care & Art,RET-13-14-10,False Nails & Applications Kits,RET-13-14-10-11,MC,MC,MC,MC,MC,MC,MC,MI,MI,MI,MI,MI,MI,MI,MI,MI,MI,MI,MI,MI,MI,MI,MI,OI,OI,MI,MI,MI,MI,MI,MI,OI,,OI,OI,OI,MI,OI,OI,OI,OI,,,,,,,,,,OI,OI,OI,OI,,,
Retail,RET,Beauty & Personal Care,RET-13,Make Up,RET-13-14,Nail Care & Art,RET-13-14-10,Nail Art & Kits,RET-13-14-10-12,MC,MC,MC,MC,MC,MC,MC,MI,MI,MI,MI,MI,MI,MI,MI,MI,MI,MI,MI,MI,MI,MI,MI,OI,OI,MI,MI,MI,MI,MI,MI,OI,,OI,OI,OI,MI,OI,OI,OI,OI,,,,,,,,,,OI,OI,OI,OI,,,
Retail,RET,Beauty & Personal Care,RET-13,Make Up,RET-13-14,Nail Care & Art,RET-13-14-10,Nail Gel,RET-13-14-10-13,MC,MC,MC,MC,MC,MC,MC,MI,MI,MI,MI,MI,MI,MI,MI,MI,MI,MI,MI,MI,MI,MI,MI,OI,OI,MI,MI,MI,MI,MI,MI,OI,,OI,OI,OI,MI,OI,OI,OI,OI,,,,,,,,,,OI,OI,OI,OI,,,
Retail,RET,Beauty & Personal Care,RET-13,Make Up,RET-13-14,Nail Care & Art,RET-13-14-10,Nail Polish,RET-13-14-10-14,MC,MC,MC,MC,MC,MC,MC,MI,MI,MI,MI,MI,MI,MI,MI,MI,MI,MI,MI,MI,MI,MI,MI,OI,OI,MI,MI,MI,MI,MI,MI,OI,,OI,OI,OI,MI,OI,OI,OI,OI,,,,,,,,,,OI,OI,OI,OI,,,
Retail,RET,Beauty & Personal Care,RET-13,Make Up,RET-13-14,Nail Care & Art,RET-13-14-10,Nail Polish Remover,RET-13-14-10-15,,MC,MC,MC,MC,MC,MC,MI,MI,MI,MI,MI,MI,MI,MI,MI,MI,MI,MI,MI,MI,MI,MI,OI,OI,MI,MI,MI,MI,MI,MI,OI,,OI,OI,OI,MI,OI,OI,OI,OI,,,,,,,,,,OI,OI,OI,OI,,,
Retail,RET,Beauty & Personal Care,RET-13,Make Up,RET-13-14,Nail Care & Art,RET-13-14-10,Nail Polish Sets,RET-13-14-10-16,MC,MC,MC,MC,MC,MC,MC,MI,MI,MI,MI,MI,MI,MI,MI,MI,MI,MI,MI,MI,MI,MI,MI,OI,OI,MI,MI,MI,MI,MI,MI,OI,,OI,OI,OI,MI,OI,OI,OI,OI,,,,,,,,,,OI,OI,OI,OI,,,
Retail,RET,Beauty & Personal Care,RET-13,Make Up,RET-13-14,Nail Care & Art,RET-13-14-10,Nail Thickeners,RET-13-14-10-17,MC,MC,MC,MC,MC,MC,MC,MI,MI,MI,MI,MI,MI,MI,MI,MI,MI,MI,MI,MI,MI,MI,MI,OI,OI,MI,MI,MI,MI,MI,MI,OI,,OI,OI,OI,MI,OI,OI,OI,OI,,,,,,,,,,OI,OI,OI,OI,,,
Retail,RET,Beauty & Personal Care,RET-13,Make Up,RET-13-14,Nail Care & Art,RET-13-14-10,Nail Care Tools,RET-13-14-10-18,,MC,MC,MC,MC,MC,MC,MI,MI,MI,MI,MI,MI,MI,MI,MI,MI,MI,MI,MI,MI,MI,MI,OI,OI,MI,MI,MI,MI,MI,MI,OI,,OI,OI,OI,MI,OI,OI,OI,OI,,,,,,,,,,OI,OI,OI,OI,,,
Retail,RET,Beauty & Personal Care,RET-13,Make Up,RET-13-14,Nail Care & Art,RET-13-14-10,Top & Base Coat,RET-13-14-10-19,MC,MC,MC,MC,MC,MC,MC,MI,MI,MI,MI,MI,MI,MI,MI,MI,MI,MI,MI,MI,MI,MI,MI,OI,OI,MI,MI,MI,MI,MI,MI,OI,,OI,OI,OI,MI,OI,OI,OI,OI,,,,,,,,,,OI,OI,OI,OI,,,
Retail,RET,Beauty & Personal Care,RET-13,Make Up,RET-13-14,Nail Tools,RET-13-14-11,Clippers & Trimmers,RET-13-14-11-10,,MC,MC,MC,MC,MC,MC,MI,MI,MI,MI,MI,MI,MI,MI,MI,MI,MI,MI,MI,MI,MI,MI,OI,OI,MI,MI,MI,MI,MI,MI,OI,,OI,OI,OI,MI,OI,OI,OI,OI,,,,,,,,,,OI,OI,OI,OI,,,
Retail,RET,Beauty & Personal Care,RET-13,Make Up,RET-13-14,Nail Tools,RET-13-14-11,Cuticle Scissors & Pushers,RET-13-14-11-11,,MC,MC,MC,MC,MC,MC,MI,MI,MI,MI,MI,MI,MI,MI,MI,MI,MI,MI,MI,MI,MI,MI,OI,OI,MI,MI,MI,MI,MI,MI,OI,,OI,OI,OI,MI,OI,OI,OI,OI,,,,,,,,,,OI,OI,OI,OI,,,
Retail,RET,Beauty & Personal Care,RET-13,Make Up,RET-13-14,Nail Tools,RET-13-14-11,Foot Rasps,RET-13-14-11-12,,MC,MC,MC,MC,MC,MC,MI,MI,MI,MI,MI,MI,MI,MI,MI,MI,MI,MI,MI,MI,MI,MI,OI,OI,MI,MI,MI,MI,MI,MI,OI,,OI,OI,OI,MI,OI,OI,OI,OI,,,,,,,,,,OI,OI,OI,OI,,,
Retail,RET,Beauty & Personal Care,RET-13,Make Up,RET-13-14,Nail Tools,RET-13-14-11,Sets & Kits,RET-13-14-11-13,,MC,MC,MC,MC,MC,MC,MI,MI,MI,MI,MI,MI,MI,MI,MI,MI,MI,MI,MI,MI,MI,MI,OI,OI,MI,MI,MI,MI,MI,MI,OI,,OI,OI,OI,MI,OI,OI,OI,OI,,,,,,,,,,OI,OI,OI,OI,,,
Retail,RET,Beauty & Personal Care,RET-13,Make Up,RET-13-14,Nail Tools,RET-13-14-11,Callus Stones,RET-13-14-11-14,,MC,MC,MC,MC,MC,MC,MI,MI,MI,MI,MI,MI,MI,MI,MI,MI,MI,MI,MI,MI,MI,MI,OI,OI,MI,MI,MI,MI,MI,MI,OI,,OI,OI,OI,MI,OI,OI,OI,OI,,,,,,,,,,OI,OI,OI,OI,,,
Retail,RET,Beauty & Personal Care,RET-13,Make Up,RET-13-14,Nail Tools,RET-13-14-11,Callus Shavers,RET-13-14-11-15,,MC,MC,MC,MC,MC,MC,MI,MI,MI,MI,MI,MI,MI,MI,MI,MI,MI,MI,MI,MI,MI,MI,OI,OI,MI,MI,MI,MI,MI,MI,OI,,OI,OI,OI,MI,OI,OI,OI,OI,,,,,,,,,,OI,OI,OI,OI,,,
Retail,RET,Beauty & Personal Care,RET-13,Make Up,RET-13-14,Nail Tools,RET-13-14-11,Manicure Kits,RET-13-14-11-16,,MC,MC,MC,MC,MC,MC,MI,MI,MI,MI,MI,MI,MI,MI,MI,MI,MI,MI,MI,MI,MI,MI,OI,OI,MI,MI,MI,MI,MI,MI,OI,,OI,OI,OI,MI,OI,OI,OI,OI,,,,,,,,,,OI,OI,OI,OI,,,
Retail,RET,Beauty & Personal Care,RET-13,Make Up,RET-13-14,Nail Tools,RET-13-14-11,Cuticle Tools,RET-13-14-11-17,,MC,MC,MC,MC,MC,MC,MI,MI,MI,MI,MI,MI,MI,MI,MI,MI,MI,MI,MI,MI,MI,MI,OI,OI,MI,MI,MI,MI,MI,MI,OI,,OI,OI,OI,MI,OI,OI,OI,OI,,,,,,,,,,OI,OI,OI,OI,,,
Retail,RET,Beauty & Personal Care,RET-13,Make Up,RET-13-14,Nail Tools,RET-13-14-11,Nail Art Tools,RET-13-14-11-18,,MC,MC,MC,MC,MC,MC,MI,MI,MI,MI,MI,MI,MI,MI,MI,MI,MI,MI,MI,MI,MI,MI,OI,OI,MI,MI,MI,MI,MI,MI,OI,,OI,OI,OI,MI,OI,OI,OI,OI,,,,,,,,,,OI,OI,OI,OI,,,
Retail,RET,Beauty & Personal Care,RET-13,Make Up,RET-13-14,Nail Tools,RET-13-14-11,Nail Cleaning Brushes,RET-13-14-11-19,,MC,MC,MC,MC,MC,MC,MI,MI,MI,MI,MI,MI,MI,MI,MI,MI,MI,MI,MI,MI,MI,MI,OI,OI,MI,MI,MI,MI,MI,MI,OI,,OI,OI,OI,MI,OI,OI,OI,OI,,,,,,,,,,OI,OI,OI,OI,OI,,
Retail,RET,Beauty & Personal Care,RET-13,Make Up,RET-13-14,Nail Tools,RET-13-14-11,Nail Drill Bits,RET-13-14-11-1A,,MC,MC,MC,MC,MC,MC,MI,MI,MI,MI,MI,MI,MI,MI,MI,MI,MI,MI,MI,MI,MI,MI,OI,OI,MI,MI,MI,MI,MI,MI,OI,,OI,OI,OI,MI,OI,OI,OI,OI,,,,,,,,,,OI,OI,OI,OI,,,
Retail,RET,Beauty & Personal Care,RET-13,Make Up,RET-13-14,Nail Tools,RET-13-14-11,Nail Drills,RET-13-14-11-1B,,MC,MC,MC,MC,MC,MC,MI,MI,MI,MI,MI,MI,MI,MI,MI,MI,MI,MI,MI,MI,MI,MI,OI,OI,MI,MI,MI,MI,MI,MI,OI,,OI,OI,OI,MI,OI,OI,OI,OI,,,,,,,,,,OI,OI,OI,OI,,,
Retail,RET,Beauty & Personal Care,RET-13,Make Up,RET-13-14,Nail Tools,RET-13-14-11,Nail Files & Buffers,RET-13-14-11-1C,,MC,MC,MC,MC,MC,MC,MI,MI,MI,MI,MI,MI,MI,MI,MI,MI,MI,MI,MI,MI,MI,MI,OI,OI,MI,MI,MI,MI,MI,MI,OI,,OI,OI,OI,MI,OI,OI,OI,OI,,,,,,,,,,OI,OI,OI,OI,,,
Retail,RET,Beauty & Personal Care,RET-13,Make Up,RET-13-14,Face,RET-13-14-12,Face Primer,RET-13-14-12-10,,MC,MC,MC,MC,MC,MC,MI,MI,MI,MI,MI,MI,MI,MI,MI,MI,MI,MI,MI,MI,MI,MI,OI,OI,MI,MI,MI,MI,MI,MI,OI,,OI,OI,OI,MI,OI,OI,OI,OI,,,,,,,,,,OI,OI,OI,OI,,,
Retail,RET,Beauty & Personal Care,RET-13,Make Up,RET-13-14,Face,RET-13-14-12,Concealer,RET-13-14-12-11,,MC,MC,MC,MC,MC,MC,MI,MI,MI,MI,MI,MI,MI,MI,MI,MI,MI,MI,MI,MI,MI,MI,OI,OI,MI,MI,MI,MI,MI,MI,OI,,OI,OI,OI,MI,OI,OI,OI,OI,,,,,,,,,,OI,OI,OI,OI,,,
Retail,RET,Beauty & Personal Care,RET-13,Make Up,RET-13-14,Face,RET-13-14-12,Foundation,RET-13-14-12-12,,MC,MC,MC,MC,MC,MC,MI,MI,MI,MI,MI,MI,MI,MI,MI,MI,MI,MI,MI,MI,MI,MI,OI,OI,MI,MI,MI,MI,MI,MI,OI,,OI,OI,OI,MI,OI,OI,OI,OI,,,,,,,,,,OI,OI,OI,OI,,,
Retail,RET,Beauty & Personal Care,RET-13,Make Up,RET-13-14,Face,RET-13-14-12,Compact,RET-13-14-12-13,,MC,MC,MC,MC,MC,MC,MI,MI,MI,MI,MI,MI,MI,MI,MI,MI,MI,MI,MI,MI,MI,MI,OI,OI,MI,MI,MI,MI,MI,MI,OI,,OI,OI,OI,MI,OI,OI,OI,OI,,,,,,,,,,OI,OI,OI,OI,,,
Retail,RET,Beauty & Personal Care,RET-13,Make Up,RET-13-14,Face,RET-13-14-12,Contour,RET-13-14-12-14,,MC,MC,MC,MC,MC,MC,MI,MI,MI,MI,MI,MI,MI,MI,MI,MI,MI,MI,MI,MI,MI,MI,OI,OI,MI,MI,MI,MI,MI,MI,OI,,OI,OI,OI,MI,OI,OI,OI,OI,,,,,,,,,,OI,OI,OI,OI,,,
Retail,RET,Beauty & Personal Care,RET-13,Make Up,RET-13-14,Face,RET-13-14-12,Loose Powder,RET-13-14-12-15,,MC,MC,MC,MC,MC,MC,MI,MI,MI,MI,MI,MI,MI,MI,MI,MI,MI,MI,MI,MI,MI,MI,OI,OI,MI,MI,MI,MI,MI,MI,OI,,OI,OI,OI,MI,OI,OI,OI,OI,,,,,,,,,,OI,OI,OI,OI,,,
Retail,RET,Beauty & Personal Care,RET-13,Make Up,RET-13-14,Face,RET-13-14-12,BB Creams,RET-13-14-12-16,,MC,MC,MC,MC,MC,MC,MI,MI,MI,MI,MI,MI,MI,MI,MI,MI,MI,MI,MI,MI,MI,MI,OI,OI,MI,MI,MI,MI,MI,MI,OI,,OI,OI,OI,MI,OI,OI,OI,OI,,,,,,,,,,OI,OI,OI,OI,,,
Retail,RET,Beauty & Personal Care,RET-13,Make Up,RET-13-14,Face,RET-13-14-12,CC Creams,RET-13-14-12-17,,MC,MC,MC,MC,MC,MC,MI,MI,MI,MI,MI,MI,MI,MI,MI,MI,MI,MI,MI,MI,MI,MI,OI,OI,MI,MI,MI,MI,MI,MI,OI,,OI,OI,OI,MI,OI,OI,OI,OI,,,,,,,,,,OI,OI,OI,OI,,,
Retail,RET,Beauty & Personal Care,RET-13,Make Up,RET-13-14,Face,RET-13-14-12,DD Creams,RET-13-14-12-18,,MC,MC,MC,MC,MC,MC,MI,MI,MI,MI,MI,MI,MI,MI,MI,MI,MI,MI,MI,MI,MI,MI,OI,OI,MI,MI,MI,MI,MI,MI,OI,,OI,OI,OI,MI,OI,OI,OI,OI,,,,,,,,,,OI,OI,OI,OI,,,
Retail,RET,Beauty & Personal Care,RET-13,Make Up,RET-13-14,Face,RET-13-14-12,Blushes,RET-13-14-12-19,,MC,MC,MC,MC,MC,MC,MI,MI,MI,MI,MI,MI,MI,MI,MI,MI,MI,MI,MI,MI,MI,MI,OI,OI,MI,MI,MI,MI,MI,MI,OI,,OI,OI,OI,MI,OI,OI,OI,OI,,,,,,,,,,OI,OI,OI,OI,,,
Retail,RET,Beauty & Personal Care,RET-13,Make Up,RET-13-14,Face,RET-13-14-12,Bronzers,RET-13-14-12-1A,,MC,MC,MC,MC,MC,MC,MI,MI,MI,MI,MI,MI,MI,MI,MI,MI,MI,MI,MI,MI,MI,MI,OI,OI,MI,MI,MI,MI,MI,MI,OI,,OI,OI,OI,MI,OI,OI,OI,OI,,,,,,,,,,OI,OI,OI,OI,,,
Retail,RET,Beauty & Personal Care,RET-13,Make Up,RET-13-14,Face,RET-13-14-12,Highlighters & Illuminators,RET-13-14-12-1B,,MC,MC,MC,MC,MC,MC,MI,MI,MI,MI,MI,MI,MI,MI,MI,MI,MI,MI,MI,MI,MI,MI,OI,OI,MI,MI,MI,MI,MI,MI,OI,,OI,OI,OI,MI,OI,OI,OI,OI,,,,,,,,,,OI,OI,OI,OI,,,
Retail,RET,Beauty & Personal Care,RET-13,Make Up,RET-13-14,Face,RET-13-14-12,Primers,RET-13-14-12-1C,,MC,MC,MC,MC,MC,MC,MI,MI,MI,MI,MI,MI,MI,MI,MI,MI,MI,MI,MI,MI,MI,MI,OI,OI,MI,MI,MI,MI,MI,MI,OI,,OI,OI,OI,MI,OI,OI,OI,OI,,,,,,,,,,OI,OI,OI,OI,,,
Retail,RET,Beauty & Personal Care,RET-13,Make Up,RET-13-14,Face,RET-13-14-12,Tinted Moisturisers,RET-13-14-12-1D,,MC,MC,MC,MC,MC,MC,MI,MI,MI,MI,MI,MI,MI,MI,MI,MI,MI,MI,MI,MI,MI,MI,OI,OI,MI,MI,MI,MI,MI,MI,OI,,OI,OI,OI,MI,OI,OI,OI,OI,,,,,,,,,,OI,OI,OI,OI,,,
Retail,RET,Beauty & Personal Care,RET-13,Make Up,RET-13-14,Face,RET-13-14-12,Setting Spray,RET-13-14-12-1E,,MC,MC,MC,MC,MC,MC,MI,MI,MI,MI,MI,MI,MI,MI,MI,MI,MI,MI,MI,MI,MI,MI,OI,OI,MI,MI,MI,MI,MI,MI,OI,,OI,OI,OI,MI,OI,OI,OI,OI,,,,,,,,,,OI,OI,OI,OI,,,
Retail,RET,Beauty & Personal Care,RET-13,Make Up,RET-13-14,Face,RET-13-14-12,Makeup Remover,RET-13-14-12-1F,,MC,MC,MC,MC,MC,MC,MI,MI,MI,MI,MI,MI,MI,MI,MI,MI,MI,MI,MI,MI,MI,MI,OI,OI,MI,MI,MI,MI,MI,MI,OI,,OI,OI,OI,MI,OI,OI,OI,OI,,,,,,,,,,OI,OI,OI,OI,,,
Retail,RET,Beauty & Personal Care,RET-13,Make Up,RET-13-14,Face,RET-13-14-12,Sindoor,RET-13-14-12-20,,MC,MC,MC,MC,MC,MC,MI,MI,MI,MI,MI,MI,MI,MI,MI,MI,MI,MI,MI,MI,MI,MI,OI,OI,MI,MI,MI,MI,MI,MI,OI,,OI,OI,OI,MI,OI,OI,OI,OI,,,,,,,,,,OI,OI,OI,OI,,,
Retail,RET,Beauty & Personal Care,RET-13,Make Up,RET-13-14,Eyes,RET-13-14-13,Kajal & Kohls,RET-13-14-13-10,,MC,MC,MC,MC,MC,MC,MI,MI,MI,MI,MI,MI,MI,MI,MI,MI,MI,MI,MI,MI,MI,MI,OI,OI,MI,MI,MI,MI,MI,MI,OI,,OI,OI,OI,MI,OI,OI,OI,OI,,,,,,,,,,OI,OI,OI,OI,,,
Retail,RET,Beauty & Personal Care,RET-13,Make Up,RET-13-14,Eyes,RET-13-14-13,Eyeliners,RET-13-14-13-11,,MC,MC,MC,MC,MC,MC,MI,MI,MI,MI,MI,MI,MI,MI,MI,MI,MI,MI,MI,MI,MI,MI,OI,OI,MI,MI,MI,MI,MI,MI,OI,,OI,OI,OI,MI,OI,OI,OI,OI,,,,,,,,,,OI,OI,OI,OI,,,
Retail,RET,Beauty & Personal Care,RET-13,Make Up,RET-13-14,Eyes,RET-13-14-13,Mascaras,RET-13-14-13-12,,MC,MC,MC,MC,MC,MC,MI,MI,MI,MI,MI,MI,MI,MI,MI,MI,MI,MI,MI,MI,MI,MI,OI,OI,MI,MI,MI,MI,MI,MI,OI,,OI,OI,OI,MI,OI,OI,OI,OI,,,,,,,,,,OI,OI,OI,OI,,,
Retail,RET,Beauty & Personal Care,RET-13,Make Up,RET-13-14,Eyes,RET-13-14-13,Eye Shadow,RET-13-14-13-13,,MC,MC,MC,MC,MC,MC,MI,MI,MI,MI,MI,MI,MI,MI,MI,MI,MI,MI,MI,MI,MI,MI,OI,OI,MI,MI,MI,MI,MI,MI,OI,,OI,OI,OI,MI,OI,OI,OI,OI,,,,,,,,,,OI,OI,OI,OI,,,
Retail,RET,Beauty & Personal Care,RET-13,Make Up,RET-13-14,Eyes,RET-13-14-13,Eyeshadow Bases & Primers,RET-13-14-13-14,,MC,MC,MC,MC,MC,MC,MI,MI,MI,MI,MI,MI,MI,MI,MI,MI,MI,MI,MI,MI,MI,MI,OI,OI,MI,MI,MI,MI,MI,MI,OI,,OI,OI,OI,MI,OI,OI,OI,OI,,,,,,,,,,OI,OI,OI,OI,,,
Retail,RET,Beauty & Personal Care,RET-13,Make Up,RET-13-14,Eyes,RET-13-14-13,False Eyelashes,RET-13-14-13-15,,MC,MC,MC,MC,MC,MC,MI,MI,MI,MI,MI,MI,MI,MI,MI,MI,MI,MI,MI,MI,MI,MI,OI,OI,MI,MI,MI,MI,MI,MI,OI,,OI,OI,OI,MI,OI,OI,OI,OI,,,,,,,,,,OI,OI,OI,OI,,,
Retail,RET,Beauty & Personal Care,RET-13,Make Up,RET-13-14,Eyes,RET-13-14-13,Eye Concealer,RET-13-14-13-16,,MC,MC,MC,MC,MC,MC,MI,MI,MI,MI,MI,MI,MI,MI,MI,MI,MI,MI,MI,MI,MI,MI,OI,OI,MI,MI,MI,MI,MI,MI,OI,,OI,OI,OI,MI,OI,OI,OI,OI,,,,,,,,,,OI,OI,OI,OI,,,
Retail,RET,Beauty & Personal Care,RET-13,Make Up,RET-13-14,Eyes,RET-13-14-13,Eyebrow Colors,RET-13-14-13-17,,MC,MC,MC,MC,MC,MC,MI,MI,MI,MI,MI,MI,MI,MI,MI,MI,MI,MI,MI,MI,MI,MI,OI,OI,MI,MI,MI,MI,MI,MI,OI,,OI,OI,OI,MI,OI,OI,OI,OI,,,,,,,,,,OI,OI,OI,OI,,,
Retail,RET,Beauty & Personal Care,RET-13,Make Up,RET-13-14,Eyes,RET-13-14-13,Eye Makeup Remover,RET-13-14-13-18,,MC,MC,MC,MC,MC,MC,MI,MI,MI,MI,MI,MI,MI,MI,MI,MI,MI,MI,MI,MI,MI,MI,OI,OI,MI,MI,MI,MI,MI,MI,OI,,OI,OI,OI,MI,OI,OI,OI,OI,,,,,,,,,,OI,OI,OI,OI,,,
Retail,RET,Beauty & Personal Care,RET-13,Make Up,RET-13-14,Eyes,RET-13-14-13,Eye Brow Enhancers,RET-13-14-13-19,,MC,MC,MC,MC,MC,MC,MI,MI,MI,MI,MI,MI,MI,MI,MI,MI,MI,MI,MI,MI,MI,MI,OI,OI,MI,MI,MI,MI,MI,MI,OI,,OI,OI,OI,MI,OI,OI,OI,OI,,,,,,,,,,OI,OI,OI,OI,,,
Retail,RET,Beauty & Personal Care,RET-13,Make Up,RET-13-14,Eyes,RET-13-14-13,Eye Primer,RET-13-14-13-1A,,MC,MC,MC,MC,MC,MC,MI,MI,MI,MI,MI,MI,MI,MI,MI,MI,MI,MI,MI,MI,MI,MI,OI,OI,MI,MI,MI,MI,MI,MI,OI,,OI,OI,OI,MI,OI,OI,OI,OI,,,,,,,,,,OI,OI,OI,OI,,,
Retail,RET,Beauty & Personal Care,RET-13,Make Up,RET-13-14,Lips,RET-13-14-14,Lipsticks,RET-13-14-14-10,MC,MC,MC,MC,MC,MC,MC,MI,MI,MI,MI,MI,MI,MI,MI,MI,MI,MI,MI,MI,MI,MI,MI,OI,OI,MI,MI,MI,MI,MI,MI,OI,,OI,OI,OI,MI,OI,OI,OI,OI,,,,,,,,,,OI,OI,OI,OI,,,OI
Retail,RET,Beauty & Personal Care,RET-13,Make Up,RET-13-14,Lips,RET-13-14-14,Lip Glosses,RET-13-14-14-11,MC,MC,MC,MC,MC,MC,MC,MI,MI,MI,MI,MI,MI,MI,MI,MI,MI,MI,MI,MI,MI,MI,MI,OI,OI,MI,MI,MI,MI,MI,MI,OI,,OI,OI,OI,MI,OI,OI,OI,OI,,,,,,,,,,OI,OI,OI,OI,,,
Retail,RET,Beauty & Personal Care,RET-13,Make Up,RET-13-14,Lips,RET-13-14-14,Lip Liners,RET-13-14-14-12,MC,MC,MC,MC,MC,MC,MC,MI,MI,MI,MI,MI,MI,MI,MI,MI,MI,MI,MI,MI,MI,MI,MI,OI,OI,MI,MI,MI,MI,MI,MI,OI,,OI,OI,OI,MI,OI,OI,OI,OI,,,,,,,,,,OI,OI,OI,OI,,,
Retail,RET,Beauty & Personal Care,RET-13,Make Up,RET-13-14,Lips,RET-13-14-14,Lipstick Primers,RET-13-14-14-13,MC,MC,MC,MC,MC,MC,MC,MI,MI,MI,MI,MI,MI,MI,MI,MI,MI,MI,MI,MI,MI,MI,MI,OI,OI,MI,MI,MI,MI,MI,MI,OI,,OI,OI,OI,MI,OI,OI,OI,OI,,,,,,,,,,OI,OI,OI,OI,,,
Retail,RET,Beauty & Personal Care,RET-13,Make Up,RET-13-14,Lips,RET-13-14-14,Lip Stains & Tints,RET-13-14-14-14,MC,MC,MC,MC,MC,MC,MC,MI,MI,MI,MI,MI,MI,MI,MI,MI,MI,MI,MI,MI,MI,MI,MI,OI,OI,MI,MI,MI,MI,MI,MI,OI,,OI,OI,OI,MI,OI,OI,OI,OI,,,,,,,,,,OI,OI,OI,OI,,,
Retail,RET,Beauty & Personal Care,RET-13,Make Up,RET-13-14,Lips,RET-13-14-14,Lip Plumpers,RET-13-14-14-15,MC,MC,MC,MC,MC,MC,MC,MI,MI,MI,MI,MI,MI,MI,MI,MI,MI,MI,MI,MI,MI,MI,MI,OI,OI,MI,MI,MI,MI,MI,MI,OI,,OI,OI,OI,MI,OI,OI,OI,OI,,,,,,,,,,OI,OI,OI,OI,,,
Retail,RET,Beauty & Personal Care,RET-13,Make Up,RET-13-14,Body,RET-13-14-15,Bronzers,RET-13-14-15-10,MC,MC,MC,MC,MC,MC,MC,MI,MI,MI,MI,MI,MI,MI,MI,MI,MI,MI,MI,MI,MI,MI,MI,OI,OI,MI,MI,MI,MI,MI,MI,OI,,OI,OI,OI,MI,OI,OI,OI,OI,,,,,,,,,,OI,OI,OI,OI,,,
Retail,RET,Beauty & Personal Care,RET-13,Make Up,RET-13-14,Body,RET-13-14-15,Highlighters & Illuminators,RET-13-14-15-11,MC,MC,MC,MC,MC,MC,MC,MI,MI,MI,MI,MI,MI,MI,MI,MI,MI,MI,MI,MI,MI,MI,MI,OI,OI,MI,MI,MI,MI,MI,MI,OI,,OI,OI,OI,MI,OI,OI,OI,OI,,,,,,,,,,OI,OI,OI,OI,,,
Retail,RET,Beauty & Personal Care,RET-13,Make Up,RET-13-14,Body,RET-13-14-15,Concealer,RET-13-14-15-12,MC,MC,MC,MC,MC,MC,MC,MI,MI,MI,MI,MI,MI,MI,MI,MI,MI,MI,MI,MI,MI,MI,MI,OI,OI,MI,MI,MI,MI,MI,MI,OI,,OI,OI,OI,MI,OI,OI,OI,OI,,,,,,,,,,OI,OI,OI,OI,,,
Retail,RET,Beauty & Personal Care,RET-13,Make Up,RET-13-14,Body,RET-13-14-15,Body Glitter,RET-13-14-15-13,MC,MC,MC,MC,MC,MC,MC,MI,MI,MI,MI,MI,MI,MI,MI,MI,MI,MI,MI,MI,MI,MI,MI,OI,OI,MI,MI,MI,MI,MI,MI,OI,,OI,OI,OI,MI,OI,OI,OI,OI,,,,,,,,,,OI,OI,OI,OI,,,
Retail,RET,Beauty & Personal Care,RET-13,Make Up,RET-13-14,Body,RET-13-14-15,Body Paint,RET-13-14-15-14,MC,MC,MC,MC,MC,MC,MC,MI,MI,MI,MI,MI,MI,MI,MI,MI,MI,MI,MI,MI,MI,MI,MI,OI,OI,MI,MI,MI,MI,MI,MI,OI,,OI,OI,OI,MI,OI,OI,OI,OI,,,,,,,,,,OI,OI,OI,OI,,,
Retail,RET,Beauty & Personal Care,RET-13,Make Up,RET-13-14,Body,RET-13-14-15,Temporary Tattoos,RET-13-14-15-15,MC,MC,MC,MC,MC,MC,MC,MI,MI,MI,MI,MI,MI,MI,MI,MI,MI,MI,MI,MI,MI,MI,MI,OI,OI,MI,MI,MI,MI,MI,MI,OI,,OI,OI,OI,MI,OI,OI,OI,OI,,,,,,,,,,OI,OI,OI,OI,,,
Retail,RET,Beauty & Personal Care,RET-13,Make Up,RET-13-14,Make-up Remover,RET-13-14-16,Makeup Cleansing Creams,RET-13-14-16-10,,MC,MC,MC,MC,MC,MC,MI,MI,MI,MI,MI,MI,MI,MI,MI,MI,MI,MI,MI,MI,MI,MI,OI,OI,MI,MI,MI,MI,MI,MI,OI,,OI,OI,OI,MI,OI,OI,OI,OI,,,,,,,,,,,,,,,,
Retail,RET,Beauty & Personal Care,RET-13,Make Up,RET-13-14,Make-up Remover,RET-13-14-16,Makeup Cleansing Foams,RET-13-14-16-11,,MC,MC,MC,MC,MC,MC,MI,MI,MI,MI,MI,MI,MI,MI,MI,MI,MI,MI,MI,MI,MI,MI,OI,OI,MI,MI,MI,MI,MI,MI,OI,,OI,OI,OI,MI,OI,OI,OI,OI,,,,,,,,,,,,,,,,
Retail,RET,Beauty & Personal Care,RET-13,Make Up,RET-13-14,Make-up Remover,RET-13-14-16,Makeup Cleansing Gels,RET-13-14-16-12,,MC,MC,MC,MC,MC,MC,MI,MI,MI,MI,MI,MI,MI,MI,MI,MI,MI,MI,MI,MI,MI,MI,OI,OI,MI,MI,MI,MI,MI,MI,OI,,OI,OI,OI,MI,OI,OI,OI,OI,,,,,,,,,,,,,,,,
Retail,RET,Beauty & Personal Care,RET-13,Make Up,RET-13-14,Make-up Remover,RET-13-14-16,Makeup Cleansing Milk,RET-13-14-16-13,,MC,MC,MC,MC,MC,MC,MI,MI,MI,MI,MI,MI,MI,MI,MI,MI,MI,MI,MI,MI,MI,MI,OI,OI,MI,MI,MI,MI,MI,MI,OI,,OI,OI,OI,MI,OI,OI,OI,OI,,,,,,,,,,,,,,,,
Retail,RET,Beauty & Personal Care,RET-13,Make Up,RET-13-14,Make-up Remover,RET-13-14-16,Makeup Cleansing Oils,RET-13-14-16-14,,MC,MC,MC,MC,MC,MC,MI,MI,MI,MI,MI,MI,MI,MI,MI,MI,MI,MI,MI,MI,MI,MI,OI,OI,MI,MI,MI,MI,MI,MI,OI,,OI,OI,OI,MI,OI,OI,OI,OI,,,,,,,,,,,,,,,,
Retail,RET,Beauty & Personal Care,RET-13,Make Up,RET-13-14,Make-up Remover,RET-13-14-16,Makeup Cleansing Water,RET-13-14-16-15,,MC,MC,MC,MC,MC,MC,MI,MI,MI,MI,MI,MI,MI,MI,MI,MI,MI,MI,MI,MI,MI,MI,OI,OI,MI,MI,MI,MI,MI,MI,OI,,OI,OI,OI,MI,OI,OI,OI,OI,,,,,,,,,,,,,,,,
Retail,RET,Beauty & Personal Care,RET-13,Make Up,RET-13-14,Make-up Remover,RET-13-14-16,Makeup Cleansing Wipes,RET-13-14-16-16,,MC,MC,MC,MC,MC,MC,MI,MI,MI,MI,MI,MI,MI,MI,MI,MI,MI,MI,MI,MI,MI,MI,OI,OI,MI,MI,MI,MI,MI,MI,OI,,OI,OI,OI,MI,OI,OI,OI,OI,,,,,,,,,,,,,,,,
Retail,RET,Beauty & Personal Care,RET-13,Make Up,RET-13-14,Make-up Palettes,RET-13-14-17,Make-up Palettes,RET-13-14-17-10,,MC,MC,MC,MC,MC,MC,MI,MI,MI,MI,MI,MI,MI,MI,MI,MI,MI,MI,MI,MI,MI,MI,OI,OI,MI,MI,MI,MI,MI,MI,OI,,OI,OI,OI,MI,OI,OI,OI,OI,,,,,,,,,,,,,,,,
Retail,RET,Beauty & Personal Care,RET-13,Make Up,RET-13-14,Make-up Sets & Kits,RET-13-14-18,Make-up Kits,RET-13-14-18-10,,MC,MC,MC,MC,MC,MC,MI,MI,MI,MI,MI,MI,MI,MI,MI,MI,MI,MI,MI,MI,MI,MI,OI,OI,MI,MI,MI,MI,MI,MI,OI,,OI,OI,OI,MI,OI,OI,OI,OI,,,,,,,,,,,,,,,,
Retail,RET,Beauty & Personal Care,RET-13,Make Up,RET-13-14,Make-up Sets & Kits,RET-13-14-18,Make-up Brush sets,RET-13-14-18-11,,MC,MC,MC,MC,MC,MC,MI,MI,MI,MI,MI,MI,MI,MI,MI,MI,MI,MI,MI,MI,MI,MI,OI,OI,MI,MI,MI,MI,MI,MI,OI,,OI,OI,OI,MI,OI,OI,OI,OI,,,,,,,,,,,,,,OI,OI,
Retail,RET,Beauty & Personal Care,RET-13,Make Up,RET-13-14,Make-up Sets & Kits,RET-13-14-18,Make-up Combos,RET-13-14-18-12,,MC,MC,MC,MC,MC,MC,MI,MI,MI,MI,MI,MI,MI,MI,MI,MI,MI,MI,MI,MI,MI,MI,OI,OI,MI,MI,MI,MI,MI,MI,OI,,OI,OI,OI,MI,OI,OI,OI,OI,,,,,,,,,,,,,,,,
Retail,RET,Beauty & Personal Care,RET-13,Men's Grooming,RET-13-15,Shaving,RET-13-15-10,Shaving Oils,RET-13-15-10-10,,MC,MC,MC,MC,MC,MC,MI,MI,MI,MI,MI,MI,MI,MI,MI,MI,MI,MI,MI,MI,MI,MI,OI,OI,MI,MI,MI,MI,MI,MI,OI,MC,OI,OI,OI,MI,OI,OI,OI,OI,,,,,,,,,,,,,,,,
Retail,RET,Beauty & Personal Care,RET-13,Men's Grooming,RET-13-15,Shaving,RET-13-15-10,Aftershave Lotion,RET-13-15-10-11,,MC,MC,MC,MC,MC,MC,MI,MI,MI,MI,MI,MI,MI,MI,MI,MI,MI,MI,MI,MI,MI,MI,OI,OI,MI,MI,MI,MI,MI,MI,OI,MC,OI,OI,OI,MI,OI,OI,OI,OI,,,,,,,,,,,,,,,,
Retail,RET,Beauty & Personal Care,RET-13,Men's Grooming,RET-13-15,Shaving,RET-13-15-10,Preshave Lotion,RET-13-15-10-12,,MC,MC,MC,MC,MC,MC,MI,MI,MI,MI,MI,MI,MI,MI,MI,MI,MI,MI,MI,MI,MI,MI,OI,OI,MI,MI,MI,MI,MI,MI,OI,MC,OI,OI,OI,MI,OI,OI,OI,OI,,,,,,,,,,,,,,,,
Retail,RET,Beauty & Personal Care,RET-13,Men's Grooming,RET-13-15,Shaving,RET-13-15-10,Shaving Gels,RET-13-15-10-13,,MC,MC,MC,MC,MC,MC,MI,MI,MI,MI,MI,MI,MI,MI,MI,MI,MI,MI,MI,MI,MI,MI,OI,OI,MI,MI,MI,MI,MI,MI,OI,MC,OI,OI,OI,MI,OI,OI,OI,OI,,,,,,,,,,,,,,,,
Retail,RET,Beauty & Personal Care,RET-13,Men's Grooming,RET-13-15,Shaving,RET-13-15-10,Shaving Creams,RET-13-15-10-14,,MC,MC,MC,MC,MC,MC,MI,MI,MI,MI,MI,MI,MI,MI,MI,MI,MI,MI,MI,MI,MI,MI,OI,OI,MI,MI,MI,MI,MI,MI,OI,MC,OI,OI,OI,MI,OI,OI,OI,OI,,,,,,,,,,,,,,,,
Retail,RET,Beauty & Personal Care,RET-13,Men's Grooming,RET-13-15,Shaving,RET-13-15-10,Shaving Foams,RET-13-15-10-15,,MC,MC,MC,MC,MC,MC,MI,MI,MI,MI,MI,MI,MI,MI,MI,MI,MI,MI,MI,MI,MI,MI,OI,OI,MI,MI,MI,MI,MI,MI,OI,MC,OI,OI,OI,MI,OI,OI,OI,OI,,,,,,,,,,,,,,,,
Retail,RET,Beauty & Personal Care,RET-13,Men's Grooming,RET-13-15,Shaving,RET-13-15-10,Shaving Soaps,RET-13-15-10-16,,MC,MC,MC,MC,MC,MC,MI,MI,MI,MI,MI,MI,MI,MI,MI,MI,MI,MI,MI,MI,MI,MI,OI,OI,MI,MI,MI,MI,MI,MI,OI,MC,OI,OI,OI,MI,OI,OI,OI,OI,,,,,,,,,,,,,,,,
Retail,RET,Beauty & Personal Care,RET-13,Men's Grooming,RET-13-15,Shaving,RET-13-15-10,Shaving Alums,RET-13-15-10-17,,MC,MC,MC,MC,MC,MC,MI,MI,MI,MI,MI,MI,MI,MI,MI,MI,MI,MI,MI,MI,MI,MI,OI,OI,MI,MI,MI,MI,MI,MI,OI,MC,OI,OI,OI,MI,OI,OI,OI,OI,,,,,,,,,,,,,,,,
Retail,RET,Beauty & Personal Care,RET-13,Men's Grooming,RET-13-15,Shaving,RET-13-15-10,Men's Grooming Combo Kit,RET-13-15-10-18,,MC,MC,MC,MC,MC,MC,MI,MI,MI,MI,MI,MI,MI,MI,MI,MI,MI,MI,MI,MI,MI,MI,OI,OI,MI,MI,MI,MI,MI,MI,OI,MC,OI,OI,OI,MI,OI,OI,OI,OI,,,,,,,,,,,,,,,,
Retail,RET,Beauty & Personal Care,RET-13,Men's Grooming,RET-13-15,Beard Care,RET-13-15-11,Beard Oil,RET-13-15-11-10,,MC,MC,MC,MC,MC,MC,MI,MI,MI,MI,MI,MI,MI,MI,MI,MI,MI,MI,MI,MI,MI,MI,OI,OI,MI,MI,MI,MI,MI,MI,OI,MC,OI,OI,OI,MI,OI,OI,OI,OI,,,,,,,,,,,,,,,,
Retail,RET,Beauty & Personal Care,RET-13,Men's Grooming,RET-13-15,Beard Care,RET-13-15-11,Beard Butter,RET-13-15-11-11,,MC,MC,MC,MC,MC,MC,MI,MI,MI,MI,MI,MI,MI,MI,MI,MI,MI,MI,MI,MI,MI,MI,OI,OI,MI,MI,MI,MI,MI,MI,OI,MC,OI,OI,OI,MI,OI,OI,OI,OI,,,,,,,,,,,,,,,,
Retail,RET,Beauty & Personal Care,RET-13,Men's Grooming,RET-13-15,Beard Care,RET-13-15-11,Beard Softener,RET-13-15-11-12,,MC,MC,MC,MC,MC,MC,MI,MI,MI,MI,MI,MI,MI,MI,MI,MI,MI,MI,MI,MI,MI,MI,OI,OI,MI,MI,MI,MI,MI,MI,OI,MC,OI,OI,OI,MI,OI,OI,OI,OI,,,,,,,,,,,,,,,,
Retail,RET,Beauty & Personal Care,RET-13,Men's Grooming,RET-13-15,Beard Care,RET-13-15-11,Beard Wash,RET-13-15-11-13,,MC,MC,MC,MC,MC,MC,MI,MI,MI,MI,MI,MI,MI,MI,MI,MI,MI,MI,MI,MI,MI,MI,OI,OI,MI,MI,MI,MI,MI,MI,OI,MC,OI,OI,OI,MI,OI,OI,OI,OI,,,,,,,,,,,,,,,,
Retail,RET,Beauty & Personal Care,RET-13,Men's Grooming,RET-13-15,Beard Care,RET-13-15-11,Beard Wax,RET-13-15-11-14,,MC,MC,MC,MC,MC,MC,MI,MI,MI,MI,MI,MI,MI,MI,MI,MI,MI,MI,MI,MI,MI,MI,OI,OI,MI,MI,MI,MI,MI,MI,OI,MC,OI,OI,OI,MI,OI,OI,OI,OI,,,,,,,,,,,,,,,,
Retail,RET,Beauty & Personal Care,RET-13,Men's Grooming,RET-13-15,Beard Care,RET-13-15-11,Moustache Oil,RET-13-15-11-15,,MC,MC,MC,MC,MC,MC,MI,MI,MI,MI,MI,MI,MI,MI,MI,MI,MI,MI,MI,MI,MI,MI,OI,OI,MI,MI,MI,MI,MI,MI,OI,MC,OI,OI,OI,MI,OI,OI,OI,OI,,,,,,,,,,,,,,,,
Retail,RET,Beauty & Personal Care,RET-13,Men's Grooming,RET-13-15,Beard Care,RET-13-15-11,Beard Comb,RET-13-15-11-16,,MC,MC,MC,MC,MC,MC,MI,MI,MI,MI,MI,MI,MI,MI,MI,MI,MI,MI,MI,MI,MI,MI,OI,OI,MI,MI,MI,MI,MI,MI,OI,MC,OI,OI,OI,MI,OI,OI,OI,OI,,,,,,,,,,,,,,,,
Retail,RET,Beauty & Personal Care,RET-13,Men's Grooming,RET-13-15,Beard Care,RET-13-15-11,Moustache Wax,RET-13-15-11-17,,MC,MC,MC,MC,MC,MC,MI,MI,MI,MI,MI,MI,MI,MI,MI,MI,MI,MI,MI,MI,MI,MI,OI,OI,MI,MI,MI,MI,MI,MI,OI,MC,OI,OI,OI,MI,OI,OI,OI,OI,,,,,,,,,,,,,,,,
Retail,RET,Beauty & Personal Care,RET-13,Men's Grooming,RET-13-15,Beard Care,RET-13-15-11,Beard Kits,RET-13-15-11-18,,MC,MC,MC,MC,MC,MC,MI,MI,MI,MI,MI,MI,MI,MI,MI,MI,MI,MI,MI,MI,MI,MI,OI,OI,MI,MI,MI,MI,MI,MI,OI,MC,OI,OI,OI,MI,OI,OI,OI,OI,,,,,,,,,,,,,,,,
Retail,RET,Beauty & Personal Care,RET-13,Men's Grooming,RET-13-15,Beard Care,RET-13-15-11,Beard Gel,RET-13-15-11-19,,MC,MC,MC,MC,MC,MC,MI,MI,MI,MI,MI,MI,MI,MI,MI,MI,MI,MI,MI,MI,MI,MI,OI,OI,MI,MI,MI,MI,MI,MI,OI,MC,OI,OI,OI,MI,OI,OI,OI,OI,,,,,,,,,,,,,,,,
Retail,RET,Beauty & Personal Care,RET-13,Men's Grooming,RET-13-15,Beard Care,RET-13-15-11,Beard Balm,RET-13-15-11-1A,,MC,MC,MC,MC,MC,MC,MI,MI,MI,MI,MI,MI,MI,MI,MI,MI,MI,MI,MI,MI,MI,MI,OI,OI,MI,MI,MI,MI,MI,MI,OI,MC,OI,OI,OI,MI,OI,OI,OI,OI,,,,,,,,,,,,,,,,
Retail,RET,Beauty & Personal Care,RET-13,Men's Grooming,RET-13-15,Beard Care,RET-13-15-11,Beard Cream,RET-13-15-11-1B,,MC,MC,MC,MC,MC,MC,MI,MI,MI,MI,MI,MI,MI,MI,MI,MI,MI,MI,MI,MI,MI,MI,OI,OI,MI,MI,MI,MI,MI,MI,OI,MC,OI,OI,OI,MI,OI,OI,OI,OI,,,,,,,,,,,,,,,,
Retail,RET,Beauty & Personal Care,RET-13,Men's Grooming,RET-13-15,Beard Care,RET-13-15-11,Beard Serum,RET-13-15-11-1C,,MC,MC,MC,MC,MC,MC,MI,MI,MI,MI,MI,MI,MI,MI,MI,MI,MI,MI,MI,MI,MI,MI,OI,OI,MI,MI,MI,MI,MI,MI,OI,MC,OI,OI,OI,MI,OI,OI,OI,OI,,,,,,,,,,,,,,,,
Retail,RET,Beauty & Personal Care,RET-13,Men's Grooming,RET-13-15,Beard Care,RET-13-15-11,Beard Mist,RET-13-15-11-1D,,MC,MC,MC,MC,MC,MC,MI,MI,MI,MI,MI,MI,MI,MI,MI,MI,MI,MI,MI,MI,MI,MI,OI,OI,MI,MI,MI,MI,MI,MI,OI,MC,OI,OI,OI,MI,OI,OI,OI,OI,,,,,,,,,,,,,,,,
Retail,RET,Beauty & Personal Care,RET-13,Men's Grooming,RET-13-15,Beard Care,RET-13-15-11,Beard Colour,RET-13-15-11-1E,,MC,MC,MC,MC,MC,MC,MI,MI,MI,MI,MI,MI,MI,MI,MI,MI,MI,MI,MI,MI,MI,MI,OI,OI,MI,MI,MI,MI,MI,MI,OI,MC,OI,OI,OI,MI,OI,OI,OI,OI,,,,,,,,,,,,,,,,
Retail,RET,Beauty & Personal Care,RET-13,Men's Grooming,RET-13-15,Beard Care,RET-13-15-11,Beard Shampoo,RET-13-15-11-1F,,MC,MC,MC,MC,MC,MC,MI,MI,MI,MI,MI,MI,MI,MI,MI,MI,MI,MI,MI,MI,MI,MI,OI,OI,MI,MI,MI,MI,MI,MI,OI,MC,OI,OI,OI,MI,OI,OI,OI,OI,,,,,,,,,,,,,,,,
Retail,RET,Beauty & Personal Care,RET-13,Mom & Baby,RET-13-16,Baby Care,RET-13-16-10,Body Wash & Soaps,RET-13-16-10-10,,MC,MC,MC,MC,MC,MC,MI,MI,MI,MI,MI,MI,MI,MI,MI,MI,MI,MI,MI,MI,MI,MI,OI,OI,MI,MI,MI,MI,MI,MI,OI,,OI,OI,OI,MI,OI,OI,OI,OI,,,,,,,,,,,,,,,,
Retail,RET,Beauty & Personal Care,RET-13,Mom & Baby,RET-13-16,Baby Care,RET-13-16-10,Body Oils,RET-13-16-10-11,,MC,MC,MC,MC,MC,MC,MI,MI,MI,MI,MI,MI,MI,MI,MI,MI,MI,MI,MI,MI,MI,MI,OI,OI,MI,MI,MI,MI,MI,MI,OI,,OI,OI,OI,MI,OI,OI,OI,OI,,,,,,,,,,,,,,,,
Retail,RET,Beauty & Personal Care,RET-13,Mom & Baby,RET-13-16,Baby Care,RET-13-16-10,Hair Oils,RET-13-16-10-12,,MC,MC,MC,MC,MC,MC,MI,MI,MI,MI,MI,MI,MI,MI,MI,MI,MI,MI,MI,MI,MI,MI,OI,OI,MI,MI,MI,MI,MI,MI,OI,,OI,OI,OI,MI,OI,OI,OI,OI,,,,,,,,,,,,,,,,
Retail,RET,Beauty & Personal Care,RET-13,Mom & Baby,RET-13-16,Baby Care,RET-13-16-10,Baby Lotions,RET-13-16-10-13,,MC,MC,MC,MC,MC,MC,MI,MI,MI,MI,MI,MI,MI,MI,MI,MI,MI,MI,MI,MI,MI,MI,OI,OI,MI,MI,MI,MI,MI,MI,OI,,OI,OI,OI,MI,OI,OI,OI,OI,,,,,,,,,,,,,,,,
Retail,RET,Beauty & Personal Care,RET-13,Mom & Baby,RET-13-16,Baby Care,RET-13-16-10,Baby Creams,RET-13-16-10-14,,MC,MC,MC,MC,MC,MC,MI,MI,MI,MI,MI,MI,MI,MI,MI,MI,MI,MI,MI,MI,MI,MI,OI,OI,MI,MI,MI,MI,MI,MI,OI,,OI,OI,OI,MI,OI,OI,OI,OI,,,,,,,,,,,,,,,,
Retail,RET,Beauty & Personal Care,RET-13,Mom & Baby,RET-13-16,Baby Care,RET-13-16-10,Baby Powders,RET-13-16-10-15,,MC,MC,MC,MC,MC,MC,MI,MI,MI,MI,MI,MI,MI,MI,MI,MI,MI,MI,MI,MI,MI,MI,OI,OI,MI,MI,MI,MI,MI,MI,OI,,OI,OI,OI,MI,OI,OI,OI,OI,,,,,,,,,,,,,,,,
Retail,RET,Beauty & Personal Care,RET-13,Mom & Baby,RET-13-16,Baby Care,RET-13-16-10,Shampoos & Conditioners,RET-13-16-10-16,,MC,MC,MC,MC,MC,MC,MI,MI,MI,MI,MI,MI,MI,MI,MI,MI,MI,MI,MI,MI,MI,MI,OI,OI,MI,MI,MI,MI,MI,MI,OI,,OI,OI,OI,MI,OI,OI,OI,OI,,,,,,,,,,,,,,,,
Retail,RET,Beauty & Personal Care,RET-13,Mom & Baby,RET-13-16,Baby Care,RET-13-16-10,Sunscreen Lotions,RET-13-16-10-17,,MC,MC,MC,MC,MC,MC,MI,MI,MI,MI,MI,MI,MI,MI,MI,MI,MI,MI,MI,MI,MI,MI,OI,OI,MI,MI,MI,MI,MI,MI,OI,,OI,OI,OI,MI,OI,OI,OI,OI,,,,,,,,,,,,,,,,
Retail,RET,Beauty & Personal Care,RET-13,Mom & Baby,RET-13-16,Baby Care,RET-13-16-10,Sunscreen Creams,RET-13-16-10-18,,MC,MC,MC,MC,MC,MC,MI,MI,MI,MI,MI,MI,MI,MI,MI,MI,MI,MI,MI,MI,MI,MI,OI,OI,MI,MI,MI,MI,MI,MI,OI,,OI,OI,OI,MI,OI,OI,OI,OI,,,,,,,,,,,,,,,,
Retail,RET,Beauty & Personal Care,RET-13,Mom & Baby,RET-13-16,Baby Care,RET-13-16-10,Wipes & Buds,RET-13-16-10-19,,MC,MC,MC,MC,MC,MC,MI,MI,MI,MI,MI,MI,MI,MI,MI,MI,MI,MI,MI,MI,MI,MI,OI,OI,MI,MI,MI,MI,MI,MI,OI,,OI,OI,OI,MI,OI,OI,OI,OI,,,,,,,,,,,,,,,,
Retail,RET,Beauty & Personal Care,RET-13,Mom & Baby,RET-13-16,Baby Care,RET-13-16-10,Teeth & Dental Care,RET-13-16-10-1A,,MC,MC,MC,MC,MC,MC,MI,MI,MI,MI,MI,MI,MI,MI,MI,MI,MI,MI,MI,MI,MI,MI,OI,OI,MI,MI,MI,MI,MI,MI,OI,,OI,OI,OI,MI,OI,OI,OI,OI,,,,,,,,,,,,,,,,
Retail,RET,Beauty & Personal Care,RET-13,Mom & Baby,RET-13-16,Baby Care,RET-13-16-10,Rash Creams,RET-13-16-10-1B,,MC,MC,MC,MC,MC,MC,MI,MI,MI,MI,MI,MI,MI,MI,MI,MI,MI,MI,MI,MI,MI,MI,OI,OI,MI,MI,MI,MI,MI,MI,OI,,OI,OI,OI,MI,OI,OI,OI,OI,,,,,,,,,,,,,,,,
Retail,RET,Beauty & Personal Care,RET-13,Mom & Baby,RET-13-16,Baby Care,RET-13-16-10,Diapers,RET-13-16-10-1C,,MC,MC,MC,MC,MC,MC,MI,MI,MI,MI,MI,MI,MI,MI,MI,MI,MI,MI,MI,MI,MI,MI,OI,OI,MI,MI,MI,MI,MI,MI,OI,,OI,OI,OI,MI,OI,OI,OI,OI,,,,,,,,,,,,,,,,
Retail,RET,Beauty & Personal Care,RET-13,Mom & Baby,RET-13-16,Baby Care,RET-13-16-10,Diaper Accessories,RET-13-16-10-1D,,MC,MC,MC,MC,MC,MC,MI,MI,MI,MI,MI,MI,MI,MI,MI,MI,MI,MI,MI,MI,MI,MI,OI,OI,MI,MI,MI,MI,MI,MI,OI,,OI,OI,OI,MI,OI,OI,OI,OI,,,,,,,,,,,,,,,,
Retail,RET,Beauty & Personal Care,RET-13,Mom & Baby,RET-13-16,Baby Care,RET-13-16-10,Bath Accessories,RET-13-16-10-1E,,MC,MC,MC,MC,MC,MC,MI,MI,MI,MI,MI,MI,MI,MI,MI,MI,MI,MI,MI,MI,MI,MI,OI,OI,MI,MI,MI,MI,MI,MI,OI,,OI,OI,OI,MI,OI,OI,OI,OI,,,,,,,,,,,,,,,,
Retail,RET,Beauty & Personal Care,RET-13,Mom & Baby,RET-13-16,Baby Care,RET-13-16-10,Baby Grooming,RET-13-16-10-1F,,MC,MC,MC,MC,MC,MC,MI,MI,MI,MI,MI,MI,MI,MI,MI,MI,MI,MI,MI,MI,MI,MI,OI,OI,MI,MI,MI,MI,MI,MI,OI,,OI,OI,OI,MI,OI,OI,OI,OI,,,,,,,,,,,,,,,,
Retail,RET,Beauty & Personal Care,RET-13,Mom & Baby,RET-13-16,Baby Care,RET-13-16-10,Baby Bedding,RET-13-16-10-20,,MC,MC,MC,MC,MC,MC,MI,MI,MI,MI,MI,MI,MI,MI,MI,MI,MI,MI,MI,MI,MI,MI,OI,OI,MI,MI,MI,MI,MI,MI,OI,,OI,OI,OI,MI,OI,OI,OI,OI,,,,,,,,,,,,,,,,
Retail,RET,Beauty & Personal Care,RET-13,Mom & Baby,RET-13-16,Kids Care,RET-13-16-11,Nutritional Supplement,RET-13-16-11-10,,MC,MC,MC,MC,MC,MC,MI,MI,MI,MI,MI,MI,MI,MI,MI,MI,MI,MI,MI,MI,MI,MI,OI,OI,MI,MI,MI,MI,MI,MI,OI,,OI,OI,OI,MI,OI,OI,OI,OI,,,,,,,,,,,,,,,,
Retail,RET,Beauty & Personal Care,RET-13,Mom & Baby,RET-13-16,Kids Care,RET-13-16-11,Body Wash & Soaps,RET-13-16-11-11,,MC,MC,MC,MC,MC,MC,MI,MI,MI,MI,MI,MI,MI,MI,MI,MI,MI,MI,MI,MI,MI,MI,OI,OI,MI,MI,MI,MI,MI,MI,OI,,OI,OI,OI,MI,OI,OI,OI,OI,,,,,,,,,,,,,,,,
Retail,RET,Beauty & Personal Care,RET-13,Mom & Baby,RET-13-16,Kids Care,RET-13-16-11,Lotions & Creams,RET-13-16-11-12,,MC,MC,MC,MC,MC,MC,MI,MI,MI,MI,MI,MI,MI,MI,MI,MI,MI,MI,MI,MI,MI,MI,OI,OI,MI,MI,MI,MI,MI,MI,OI,,OI,OI,OI,MI,OI,OI,OI,OI,,,,,,,,,,,,,,,,
Retail,RET,Beauty & Personal Care,RET-13,Mom & Baby,RET-13-16,Kids Care,RET-13-16-11,Hair Care,RET-13-16-11-13,,MC,MC,MC,MC,MC,MC,MI,MI,MI,MI,MI,MI,MI,MI,MI,MI,MI,MI,MI,MI,MI,MI,OI,OI,MI,MI,MI,MI,MI,MI,OI,,OI,OI,OI,MI,OI,OI,OI,OI,,,,,,,,,,,,,,,,
Retail,RET,Beauty & Personal Care,RET-13,Mom & Baby,RET-13-16,Kids Care,RET-13-16-11,Sunscreen,RET-13-16-11-14,,MC,MC,MC,MC,MC,MC,MI,MI,MI,MI,MI,MI,MI,MI,MI,MI,MI,MI,MI,MI,MI,MI,OI,OI,MI,MI,MI,MI,MI,MI,OI,,OI,OI,OI,MI,OI,OI,OI,OI,,,,,,,,,,,,,,,,
Retail,RET,Beauty & Personal Care,RET-13,Mom & Baby,RET-13-16,Kids Care,RET-13-16-11,Dental Care,RET-13-16-11-15,,MC,MC,MC,MC,MC,MC,MI,MI,MI,MI,MI,MI,MI,MI,MI,MI,MI,MI,MI,MI,MI,MI,OI,OI,MI,MI,MI,MI,MI,MI,OI,,OI,OI,OI,MI,OI,OI,OI,OI,,,,,,,,,,,,,,,,
Retail,RET,Beauty & Personal Care,RET-13,Mom & Baby,RET-13-16,Kids Care,RET-13-16-11,Kids Makeup,RET-13-16-11-16,,MC,MC,MC,MC,MC,MC,MI,MI,MI,MI,MI,MI,MI,MI,MI,MI,MI,MI,MI,MI,MI,MI,OI,OI,MI,MI,MI,MI,MI,MI,OI,,OI,OI,OI,MI,OI,OI,OI,OI,,,,,,,,,,,,,,,,
Retail,RET,Beauty & Personal Care,RET-13,Mom & Baby,RET-13-16,Maternity Care,RET-13-16-12,Stretch Mark Creams & Oils,RET-13-16-12-10,,MC,MC,MC,MC,MC,MC,MI,MI,MI,MI,MI,MI,MI,MI,MI,MI,MI,MI,MI,MI,MI,MI,OI,OI,MI,MI,MI,MI,MI,MI,OI,,OI,OI,OI,MI,OI,OI,OI,OI,,,,,,,,,,,,,,,,
Retail,RET,Beauty & Personal Care,RET-13,Mom & Baby,RET-13-16,Maternity Care,RET-13-16-12,Breast Firming Gels & Creams,RET-13-16-12-11,,MC,MC,MC,MC,MC,MC,MI,MI,MI,MI,MI,MI,MI,MI,MI,MI,MI,MI,MI,MI,MI,MI,OI,OI,MI,MI,MI,MI,MI,MI,OI,,OI,OI,OI,MI,OI,OI,OI,OI,,,,,,,,,,,,,,,,
Retail,RET,Beauty & Personal Care,RET-13,Mom & Baby,RET-13-16,Maternity Care,RET-13-16-12,Nipple Creams,RET-13-16-12-12,,MC,MC,MC,MC,MC,MC,MI,MI,MI,MI,MI,MI,MI,MI,MI,MI,MI,MI,MI,MI,MI,MI,OI,OI,MI,MI,MI,MI,MI,MI,OI,,OI,OI,OI,MI,OI,OI,OI,OI,,,,,,,,,,,,,,,,
Retail,RET,Beauty & Personal Care,RET-13,Mom & Baby,RET-13-16,Maternity Care,RET-13-16-12,Nutritional Supplements,RET-13-16-12-13,,MC,MC,MC,MC,MC,MC,MI,MI,MI,MI,MI,MI,MI,MI,MI,MI,MI,MI,MI,MI,MI,MI,OI,OI,MI,MI,MI,MI,MI,MI,OI,,OI,OI,OI,MI,OI,OI,OI,OI,,,,,,,,,,,,,,,,
Retail,RET,Beauty & Personal Care,RET-13,Mom & Baby,RET-13-16,Maternity Care,RET-13-16-12,Maternity Pillows,RET-13-16-12-14,,MC,MC,MC,MC,MC,MC,MI,MI,MI,MI,MI,MI,MI,MI,MI,MI,MI,MI,MI,MI,MI,MI,OI,OI,MI,MI,MI,MI,MI,MI,OI,,OI,OI,OI,MI,OI,OI,OI,OI,,,,,,,,,,,,,,,,
Retail,RET,Beauty & Personal Care,RET-13,Mom & Baby,RET-13-16,Nursing & Feeding,RET-13-16-13,Feeding Bottle & Nipples,RET-13-16-13-10,,MC,MC,MC,MC,MC,MC,MI,MI,MI,MI,MI,MI,MI,MI,MI,MI,MI,MI,MI,MI,MI,MI,OI,OI,MI,MI,MI,MI,MI,MI,OI,,OI,OI,OI,MI,OI,OI,OI,OI,,,,,,,,,,,,,,,,
Retail,RET,Beauty & Personal Care,RET-13,Mom & Baby,RET-13-16,Nursing & Feeding,RET-13-16-13,Teethers & Soothers,RET-13-16-13-11,,MC,MC,MC,MC,MC,MC,MI,MI,MI,MI,MI,MI,MI,MI,MI,MI,MI,MI,MI,MI,MI,MI,OI,OI,MI,MI,MI,MI,MI,MI,OI,,OI,OI,OI,MI,OI,OI,OI,OI,,,,,,,,,,,,,,,,
Retail,RET,Beauty & Personal Care,RET-13,Mom & Baby,RET-13-16,Nursing & Feeding,RET-13-16-13,Breast Pumps,RET-13-16-13-12,,MC,MC,MC,MC,MC,MC,MI,MI,MI,MI,MI,MI,MI,MI,MI,MI,MI,MI,MI,MI,MI,MI,OI,OI,MI,MI,MI,MI,MI,MI,OI,,OI,OI,OI,MI,OI,OI,OI,OI,,,,,,,,,,,,,,,,
Retail,RET,Beauty & Personal Care,RET-13,Mom & Baby,RET-13-16,Nursing & Feeding,RET-13-16-13,Breast Pads,RET-13-16-13-13,,MC,MC,MC,MC,MC,MC,MI,MI,MI,MI,MI,MI,MI,MI,MI,MI,MI,MI,MI,MI,MI,MI,OI,OI,MI,MI,MI,MI,MI,MI,OI,,OI,OI,OI,MI,OI,OI,OI,OI,,,,,,,,,,,,,,,,
Retail,RET,Beauty & Personal Care,RET-13,Mom & Baby,RET-13-16,Nursing & Feeding,RET-13-16-13,Cleaning & Feeding Accessories,RET-13-16-13-14,,MC,MC,MC,MC,MC,MC,MI,MI,MI,MI,MI,MI,MI,MI,MI,MI,MI,MI,MI,MI,MI,MI,OI,OI,MI,MI,MI,MI,MI,MI,OI,,OI,OI,OI,MI,OI,OI,OI,OI,,,,,,,,,,,,,,,,
Retail,RET,Beauty & Personal Care,RET-13,Mom & Baby,RET-13-16,Nursing & Feeding,RET-13-16-13,Bibs,RET-13-16-13-15,,MC,MC,MC,MC,MC,MC,MI,MI,MI,MI,MI,MI,MI,MI,MI,MI,MI,MI,MI,MI,MI,MI,OI,OI,MI,MI,MI,MI,MI,MI,OI,,OI,OI,OI,MI,OI,OI,OI,OI,,,,,,,,,,,,,,,,
Retail,RET,Beauty & Personal Care,RET-13,Mom & Baby,RET-13-16,Nursing & Feeding,RET-13-16-13,Sippers & Cups,RET-13-16-13-16,,MC,MC,MC,MC,MC,MC,MI,MI,MI,MI,MI,MI,MI,MI,MI,MI,MI,MI,MI,MI,MI,MI,OI,OI,MI,MI,MI,MI,MI,MI,OI,,OI,OI,OI,MI,OI,OI,OI,OI,,,,,,,,,,,,,,,,
Retail,RET,Beauty & Personal Care,RET-13,Mom & Baby,RET-13-16,Health & Safety,RET-13-16-14,Nose & Ear Care,RET-13-16-14-10,,MC,MC,MC,MC,MC,MC,MI,MI,MI,MI,MI,MI,MI,MI,MI,MI,MI,MI,MI,MI,MI,MI,OI,OI,MI,MI,MI,MI,MI,MI,OI,,OI,OI,OI,MI,OI,OI,OI,OI,,,,,,,,,,,,,,,,
Retail,RET,Beauty & Personal Care,RET-13,Mom & Baby,RET-13-16,Health & Safety,RET-13-16-14,Gripe Water & Tummy Roll On,RET-13-16-14-11,,MC,MC,MC,MC,MC,MC,MI,MI,MI,MI,MI,MI,MI,MI,MI,MI,MI,MI,MI,MI,MI,MI,OI,OI,MI,MI,MI,MI,MI,MI,OI,,OI,OI,OI,MI,OI,OI,OI,OI,,,,,,,,,,,,,,,,
Retail,RET,Beauty & Personal Care,RET-13,Mom & Baby,RET-13-16,Health & Safety,RET-13-16-14,Detergents & Cleansers,RET-13-16-14-12,,MC,MC,MC,MC,MC,MC,MI,MI,MI,MI,MI,MI,MI,MI,MI,MI,MI,MI,MI,MI,MI,MI,OI,OI,MI,MI,MI,MI,MI,MI,OI,,OI,OI,OI,MI,OI,OI,OI,OI,,,,,,,,,,,,,,,,
Retail,RET,Beauty & Personal Care,RET-13,Mom & Baby,RET-13-16,Health & Safety,RET-13-16-14,Mosquito Repellent,RET-13-16-14-13,,MC,MC,MC,MC,MC,MC,MI,MI,MI,MI,MI,MI,MI,MI,MI,MI,MI,MI,MI,MI,MI,MI,OI,OI,MI,MI,MI,MI,MI,MI,OI,,OI,OI,OI,MI,OI,OI,OI,OI,,,,,,,,,,,,,,,,
Retail,RET,Beauty & Personal Care,RET-13,Oral Care,RET-13-17,Oral Care,RET-13-17-10,Dental Care Kits,RET-13-17-10-10,,MC,MC,MC,MC,MC,MC,MI,MI,MI,MI,MI,MI,MI,MI,MI,MI,MI,MI,MI,MI,MI,MI,OI,OI,MI,MI,MI,MI,MI,MI,OI,,OI,OI,OI,MI,OI,OI,OI,OI,,,,,,,,,,,,,,,,
Retail,RET,Beauty & Personal Care,RET-13,Oral Care,RET-13-17,Oral Care,RET-13-17-10,Dental Floss,RET-13-17-10-11,,MC,MC,MC,MC,MC,MC,MI,MI,MI,MI,MI,MI,MI,MI,MI,MI,MI,MI,MI,MI,MI,MI,OI,OI,MI,MI,MI,MI,MI,MI,OI,,OI,OI,OI,MI,OI,OI,OI,OI,,,,,,,,,,,,,,,,
Retail,RET,Beauty & Personal Care,RET-13,Oral Care,RET-13-17,Oral Care,RET-13-17-10,Denture Care,RET-13-17-10-12,,MC,MC,MC,MC,MC,MC,MI,MI,MI,MI,MI,MI,MI,MI,MI,MI,MI,MI,MI,MI,MI,MI,OI,OI,MI,MI,MI,MI,MI,MI,OI,,OI,OI,OI,MI,OI,OI,OI,OI,,,,,,,,,,,,,,,,
Retail,RET,Beauty & Personal Care,RET-13,Oral Care,RET-13-17,Oral Care,RET-13-17-10,Interdental Cleaning,RET-13-17-10-13,,MC,MC,MC,MC,MC,MC,MI,MI,MI,MI,MI,MI,MI,MI,MI,MI,MI,MI,MI,MI,MI,MI,OI,OI,MI,MI,MI,MI,MI,MI,OI,,OI,OI,OI,MI,OI,OI,OI,OI,,,,,,,,,,,,,,,,
Retail,RET,Beauty & Personal Care,RET-13,Oral Care,RET-13-17,Oral Care,RET-13-17-10,Mouthwashes,RET-13-17-10-14,,MC,MC,MC,MC,MC,MC,MI,MI,MI,MI,MI,MI,MI,MI,MI,MI,MI,MI,MI,MI,MI,MI,OI,OI,MI,MI,MI,MI,MI,MI,OI,,OI,OI,OI,MI,OI,OI,OI,OI,,,,,,,,,,,,,,,,
Retail,RET,Beauty & Personal Care,RET-13,Oral Care,RET-13-17,Oral Care,RET-13-17-10,Teeth Whitening Kits,RET-13-17-10-15,,MC,MC,MC,MC,MC,MC,MI,MI,MI,MI,MI,MI,MI,MI,MI,MI,MI,MI,MI,MI,MI,MI,OI,OI,MI,MI,MI,MI,MI,MI,OI,,OI,OI,OI,MI,OI,OI,OI,OI,,,,,,,,,,,,,,,,
Retail,RET,Beauty & Personal Care,RET-13,Oral Care,RET-13-17,Oral Care,RET-13-17-10,Toothbrushes & Accessories,RET-13-17-10-16,,MC,MC,MC,MC,MC,MC,MI,MI,MI,MI,MI,MI,MI,MI,MI,MI,MI,MI,MI,MI,MI,MI,OI,OI,MI,MI,MI,MI,MI,MI,OI,,OI,OI,OI,MI,OI,OI,OI,OI,,,,,,,,,,,,,,,,
Retail,RET,Beauty & Personal Care,RET-13,Oral Care,RET-13-17,Oral Care,RET-13-17-10,Toothpastes,RET-13-17-10-17,,MC,MC,MC,MC,MC,MC,MI,MI,MI,MI,MI,MI,MI,MI,MI,MI,MI,MI,MI,MI,MI,MI,OI,OI,MI,MI,MI,MI,MI,MI,OI,,OI,OI,OI,MI,OI,OI,OI,OI,,,,,,,,,,,,,,,,
Retail,RET,Beauty & Personal Care,RET-13,Sexual Wellness & Sensuality,RET-13-18,Care & Aid Products,RET-13-18-10,Lubricants & Licks,RET-13-17-10-18,,MC,MC,MC,MC,MC,MC,MI,MI,MI,MI,MI,MI,MI,MI,MI,MI,MI,MI,MI,MI,MI,MI,OI,OI,MI,MI,MI,MI,MI,MI,OI,,OI,OI,OI,MI,OI,OI,OI,OI,,,,,,,,,,,,,,,,
Retail,RET,Beauty & Personal Care,RET-13,Sexual Wellness & Sensuality,RET-13-18,Care & Aid Products,RET-13-18-10,Massage Oils,RET-13-17-10-19,,MC,MC,MC,MC,MC,MC,MI,MI,MI,MI,MI,MI,MI,MI,MI,MI,MI,MI,MI,MI,MI,MI,OI,OI,MI,MI,MI,MI,MI,MI,OI,,OI,OI,OI,MI,OI,OI,OI,OI,,,,,,,,,,,,,,,,
Retail,RET,Beauty & Personal Care,RET-13,Sexual Wellness & Sensuality,RET-13-18,Contraceptives,RET-13-18-11,Male Condoms,RET-13-18-11-10,,MC,MC,MC,MC,MC,MC,MI,MI,MI,MI,MI,MI,MI,MI,MI,MI,MI,MI,MI,MI,MI,MI,OI,OI,MI,MI,MI,MI,MI,MI,OI,,OI,OI,OI,MI,OI,OI,OI,OI,,,,,,,,,,,,,,,,OI
Retail,RET,Beauty & Personal Care,RET-13,Sexual Wellness & Sensuality,RET-13-18,Contraceptives,RET-13-18-11,Female Condoms,RET-13-18-11-11,,MC,MC,MC,MC,MC,MC,MI,MI,MI,MI,MI,MI,MI,MI,MI,MI,MI,MI,MI,MI,MI,MI,OI,OI,MI,MI,MI,MI,MI,MI,OI,,OI,OI,OI,MI,OI,OI,OI,OI,,,,,,,,,,,,,,,,OI
Retail,RET,Beauty & Personal Care,RET-13,Sexual Wellness & Sensuality,RET-13-18,Contraceptives,RET-13-18-11,Female Contraceptive Caps,RET-13-18-11-12,,MC,MC,MC,MC,MC,MC,MI,MI,MI,MI,MI,MI,MI,MI,MI,MI,MI,MI,MI,MI,MI,MI,OI,OI,MI,MI,MI,MI,MI,MI,OI,,OI,OI,OI,MI,OI,OI,OI,OI,,,,,,,,,,,,,,,,
Retail,RET,Beauty & Personal Care,RET-13,Skin Care,RET-13-19,Face Care,RET-13-19-10,Creams & Moisturisers,RET-13-19-10-10,,MC,MC,MC,MC,MC,MC,MI,MI,MI,MI,MI,MI,MI,MI,MI,MI,MI,MI,MI,MI,MI,MI,OI,OI,MI,MI,MI,MI,MI,MI,OI,MC,OI,OI,OI,MI,OI,OI,OI,OI,,,,,,,,,,,,,,,,
Retail,RET,Beauty & Personal Care,RET-13,Skin Care,RET-13-19,Face Care,RET-13-19-10,Cleansing Creams & Milks,RET-13-19-10-11,,MC,MC,MC,MC,MC,MC,MI,MI,MI,MI,MI,MI,MI,MI,MI,MI,MI,MI,MI,MI,MI,MI,OI,OI,MI,MI,MI,MI,MI,MI,OI,MC,OI,OI,OI,MI,OI,OI,OI,OI,,,,,,,,,,,,,,,,
Retail,RET,Beauty & Personal Care,RET-13,Skin Care,RET-13-19,Face Care,RET-13-19-10,Face Wash,RET-13-19-10-12,,MC,MC,MC,MC,MC,MC,MI,MI,MI,MI,MI,MI,MI,MI,MI,MI,MI,MI,MI,MI,MI,MI,OI,OI,MI,MI,MI,MI,MI,MI,OI,MC,OI,OI,OI,MI,OI,OI,OI,OI,,,,,,,,,,,,,,,,
Retail,RET,Beauty & Personal Care,RET-13,Skin Care,RET-13-19,Face Care,RET-13-19-10,Face Gel,RET-13-19-10-13,,MC,MC,MC,MC,MC,MC,MI,MI,MI,MI,MI,MI,MI,MI,MI,MI,MI,MI,MI,MI,MI,MI,OI,OI,MI,MI,MI,MI,MI,MI,OI,MC,OI,OI,OI,MI,OI,OI,OI,OI,,,,,,,,,,,,,,,,
Retail,RET,Beauty & Personal Care,RET-13,Skin Care,RET-13-19,Face Care,RET-13-19-10,Face Foam,RET-13-19-10-14,,MC,MC,MC,MC,MC,MC,MI,MI,MI,MI,MI,MI,MI,MI,MI,MI,MI,MI,MI,MI,MI,MI,OI,OI,MI,MI,MI,MI,MI,MI,OI,MC,OI,OI,OI,MI,OI,OI,OI,OI,,,,,,,,,,,,,,,,
Retail,RET,Beauty & Personal Care,RET-13,Skin Care,RET-13-19,Face Care,RET-13-19-10,Toners,RET-13-19-10-15,,MC,MC,MC,MC,MC,MC,MI,MI,MI,MI,MI,MI,MI,MI,MI,MI,MI,MI,MI,MI,MI,MI,OI,OI,MI,MI,MI,MI,MI,MI,OI,,OI,OI,OI,MI,OI,OI,OI,OI,,,,,,,,,,,,,,,,
Retail,RET,Beauty & Personal Care,RET-13,Skin Care,RET-13-19,Face Care,RET-13-19-10,Sunscreen & Aftercare,RET-13-19-10-16,,MC,MC,MC,MC,MC,MC,MI,MI,MI,MI,MI,MI,MI,MI,MI,MI,MI,MI,MI,MI,MI,MI,OI,OI,MI,MI,MI,MI,MI,MI,OI,OI,OI,OI,OI,MI,OI,OI,OI,OI,,,,,,,,,,,,,,,,
Retail,RET,Beauty & Personal Care,RET-13,Skin Care,RET-13-19,Face Care,RET-13-19-10,Face Masks,RET-13-19-10-17,,MC,MC,MC,MC,MC,MC,MI,MI,MI,MI,MI,MI,MI,MI,MI,MI,MI,MI,MI,MI,MI,MI,OI,OI,MI,MI,MI,MI,MI,MI,OI,,OI,OI,OI,MI,OI,OI,OI,OI,,,,,,,,,,,,,,,,
Retail,RET,Beauty & Personal Care,RET-13,Skin Care,RET-13-19,Face Care,RET-13-19-10,Facial Scrubs & Polishes,RET-13-19-10-18,,MC,MC,MC,MC,MC,MC,MI,MI,MI,MI,MI,MI,MI,MI,MI,MI,MI,MI,MI,MI,MI,MI,OI,OI,MI,MI,MI,MI,MI,MI,OI,,OI,OI,OI,MI,OI,OI,OI,OI,,,,,,,,,,,,,,,,
Retail,RET,Beauty & Personal Care,RET-13,Skin Care,RET-13-19,Face Care,RET-13-19-10,Facial Kit,RET-13-19-10-19,,MC,MC,MC,MC,MC,MC,MI,MI,MI,MI,MI,MI,MI,MI,MI,MI,MI,MI,MI,MI,MI,MI,OI,OI,MI,MI,MI,MI,MI,MI,OI,,OI,OI,OI,MI,OI,OI,OI,OI,,,,,,,,,,,,,,,,
Retail,RET,Beauty & Personal Care,RET-13,Skin Care,RET-13-19,Face Care,RET-13-19-10,Face Pack,RET-13-19-10-1A,,MC,MC,MC,MC,MC,MC,MI,MI,MI,MI,MI,MI,MI,MI,MI,MI,MI,MI,MI,MI,MI,MI,OI,OI,MI,MI,MI,MI,MI,MI,OI,,OI,OI,OI,MI,OI,OI,OI,OI,,,,,,,,,,,,,,,,
Retail,RET,Beauty & Personal Care,RET-13,Skin Care,RET-13-19,Face Care,RET-13-19-10,Bleaches,RET-13-19-10-1B,,MC,MC,MC,MC,MC,MC,MI,MI,MI,MI,MI,MI,MI,MI,MI,MI,MI,MI,MI,MI,MI,MI,OI,OI,MI,MI,MI,MI,MI,MI,OI,,OI,OI,OI,MI,OI,OI,OI,OI,,,,,,,,,,,,,,,,
Retail,RET,Beauty & Personal Care,RET-13,Skin Care,RET-13-19,Face Care,RET-13-19-10,Facial Tissues & Wipes,RET-13-19-10-1C,,MC,MC,MC,MC,MC,MC,MI,MI,MI,MI,MI,MI,MI,MI,MI,MI,MI,MI,MI,MI,MI,MI,OI,OI,MI,MI,MI,MI,MI,MI,OI,,OI,OI,OI,MI,OI,OI,OI,OI,,,,,,,,,,,,,,,,
Retail,RET,Beauty & Personal Care,RET-13,Skin Care,RET-13-19,Body Care,RET-13-19-11,Talcum Powders,RET-13-19-11-10,,MC,MC,MC,MC,MC,MC,MI,MI,MI,MI,MI,MI,MI,MI,MI,MI,MI,MI,MI,MI,MI,MI,OI,OI,MI,MI,MI,MI,MI,MI,OI,MC,OI,OI,OI,MI,OI,OI,OI,OI,,,,,,,,,,,,,,,,
Retail,RET,Beauty & Personal Care,RET-13,Skin Care,RET-13-19,Body Care,RET-13-19-11,Maternity,RET-13-19-11-11,,MC,MC,MC,MC,MC,MC,MI,MI,MI,MI,MI,MI,MI,MI,MI,MI,MI,MI,MI,MI,MI,MI,OI,OI,MI,MI,MI,MI,MI,MI,OI,,OI,OI,OI,MI,OI,OI,OI,OI,,,,,,,,,,,,,,,,
Retail,RET,Beauty & Personal Care,RET-13,Skin Care,RET-13-19,Body Care,RET-13-19-11,Tanners,RET-13-19-11-12,,MC,MC,MC,MC,MC,MC,MI,MI,MI,MI,MI,MI,MI,MI,MI,MI,MI,MI,MI,MI,MI,MI,OI,OI,MI,MI,MI,MI,MI,MI,OI,,OI,OI,OI,MI,OI,OI,OI,OI,,,,,,,,,,,,,,,,
Retail,RET,Beauty & Personal Care,RET-13,Skin Care,RET-13-19,Lip Care,RET-13-19-12,Balms,RET-13-19-12-10,,MC,MC,MC,MC,MC,MC,MI,MI,MI,MI,MI,MI,MI,MI,MI,MI,MI,MI,MI,MI,MI,MI,OI,OI,MI,MI,MI,MI,MI,MI,OI,OI,OI,OI,OI,MI,OI,OI,OI,OI,,,,,,,,,,,,,,,,OI
Retail,RET,Beauty & Personal Care,RET-13,Skin Care,RET-13-19,Lip Care,RET-13-19-12,Scrubs,RET-13-19-12-11,,MC,MC,MC,MC,MC,MC,MI,MI,MI,MI,MI,MI,MI,MI,MI,MI,MI,MI,MI,MI,MI,MI,OI,OI,MI,MI,MI,MI,MI,MI,OI,,OI,OI,OI,MI,OI,OI,OI,OI,,,,,,,,,,,,,,,,
Retail,RET,Beauty & Personal Care,RET-13,Skin Care,RET-13-19,Lip Care,RET-13-19-12,Lip Protection,RET-13-19-12-12,,MC,MC,MC,MC,MC,MC,MI,MI,MI,MI,MI,MI,MI,MI,MI,MI,MI,MI,MI,MI,MI,MI,OI,OI,MI,MI,MI,MI,MI,MI,OI,,OI,OI,OI,MI,OI,OI,OI,OI,,,,,,,,,,,,,,,,
Retail,RET,Beauty & Personal Care,RET-13,Skin Care,RET-13-19,Eye Care,RET-13-19-13,Under Eye Creams,RET-13-19-13-10,,MC,MC,MC,MC,MC,MC,MI,MI,MI,MI,MI,MI,MI,MI,MI,MI,MI,MI,MI,MI,MI,MI,OI,OI,MI,MI,MI,MI,MI,MI,OI,,OI,OI,OI,MI,OI,OI,OI,OI,,,,,,,,,,,,,,,,
Retail,RET,Beauty & Personal Care,RET-13,Skin Care,RET-13-19,Eye Care,RET-13-19-13,Under Eye Serums,RET-13-19-13-11,,MC,MC,MC,MC,MC,MC,MI,MI,MI,MI,MI,MI,MI,MI,MI,MI,MI,MI,MI,MI,MI,MI,OI,OI,MI,MI,MI,MI,MI,MI,OI,,OI,OI,OI,MI,OI,OI,OI,OI,,,,,,,,,,,,,,,,
Retail,RET,Beauty & Personal Care,RET-13,Skin Care,RET-13-19,Eye Care,RET-13-19-13,Under Eye Gels,RET-13-19-13-12,,MC,MC,MC,MC,MC,MC,MI,MI,MI,MI,MI,MI,MI,MI,MI,MI,MI,MI,MI,MI,MI,MI,OI,OI,MI,MI,MI,MI,MI,MI,OI,,OI,OI,OI,MI,OI,OI,OI,OI,,,,,,,,,,,,,,,,
Retail,RET,Beauty & Personal Care,RET-13,Skin Care,RET-13-19,Eye Care,RET-13-19-13,Masks,RET-13-19-13-13,,MC,MC,MC,MC,MC,MC,MI,MI,MI,MI,MI,MI,MI,MI,MI,MI,MI,MI,MI,MI,MI,MI,OI,OI,MI,MI,MI,MI,MI,MI,OI,,OI,OI,OI,MI,OI,OI,OI,OI,,,,,,,,,,,,,,,,
Retail,RET,Beauty & Personal Care,RET-13,Skin Care,RET-13-19,Eye Care,RET-13-19-13,Wrinkle Patches,RET-13-19-13-14,,MC,MC,MC,MC,MC,MC,MI,MI,MI,MI,MI,MI,MI,MI,MI,MI,MI,MI,MI,MI,MI,MI,OI,OI,MI,MI,MI,MI,MI,MI,OI,,OI,OI,OI,MI,OI,OI,OI,OI,,,,,,,,,,,,,,,,
Retail,RET,Beauty & Personal Care,RET-13,Skin Care,RET-13-19,Hand Care,RET-13-19-14,Hand Creams & Lotions,RET-13-19-14-10,,MC,MC,MC,MC,MC,MC,MI,MI,MI,MI,MI,MI,MI,MI,MI,MI,MI,MI,MI,MI,MI,MI,OI,OI,MI,MI,MI,MI,MI,MI,OI,,OI,OI,OI,MI,OI,OI,OI,OI,,,,,,,,,,,,,,,,
Retail,RET,Beauty & Personal Care,RET-13,Skin Care,RET-13-19,Hand Care,RET-13-19-14,Cuticle Care,RET-13-19-14-11,,MC,MC,MC,MC,MC,MC,MI,MI,MI,MI,MI,MI,MI,MI,MI,MI,MI,MI,MI,MI,MI,MI,OI,OI,MI,MI,MI,MI,MI,MI,OI,,OI,OI,OI,MI,OI,OI,OI,OI,,,,,,,,,,,,,,,,
Retail,RET,Beauty & Personal Care,RET-13,Skin Care,RET-13-19,Hand Care,RET-13-19-14,Hand Masks,RET-13-19-14-12,,MC,MC,MC,MC,MC,MC,MI,MI,MI,MI,MI,MI,MI,MI,MI,MI,MI,MI,MI,MI,MI,MI,OI,OI,MI,MI,MI,MI,MI,MI,OI,,OI,OI,OI,MI,OI,OI,OI,OI,,,,,,,,,,,,,,,,
Retail,RET,Beauty & Personal Care,RET-13,Skin Care,RET-13-19,Foot Care,RET-13-19-15,Shoe Deodorant,RET-13-19-15-10,,MC,MC,MC,MC,MC,MC,MI,MI,MI,MI,MI,MI,MI,MI,MI,MI,MI,MI,MI,MI,MI,MI,OI,OI,MI,MI,MI,MI,MI,MI,OI,,OI,OI,OI,MI,OI,OI,OI,OI,,,,,,,,,,,,,,,,
Retail,RET,Beauty & Personal Care,RET-13,Skin Care,RET-13-19,Foot Care,RET-13-19-15,Foot Creams & Lotions,RET-13-19-15-11,,MC,MC,MC,MC,MC,MC,MI,MI,MI,MI,MI,MI,MI,MI,MI,MI,MI,MI,MI,MI,MI,MI,OI,OI,MI,MI,MI,MI,MI,MI,OI,,OI,OI,OI,MI,OI,OI,OI,OI,,,,,,,,,,,,,,,,
Retail,RET,Beauty & Personal Care,RET-13,Tools & Accessories,RET-13-1A,Foot Care,RET-13-1A-10,Moisturizing Socks,RET-13-1A-10-10,,MC,MC,MC,MC,MC,MC,MI,MI,MI,MI,MI,MI,MI,MI,MI,MI,MI,MI,MI,MI,MI,MI,OI,OI,MI,MI,MI,MI,MI,MI,OI,,OI,OI,OI,MI,OI,OI,OI,OI,,,,,,,,,,,,,,,,
Retail,RET,Beauty & Personal Care,RET-13,Tools & Accessories,RET-13-1A,Foot Care,RET-13-1A-10,Scrubs,RET-13-1A-10-11,,MC,MC,MC,MC,MC,MC,MI,MI,MI,MI,MI,MI,MI,MI,MI,MI,MI,MI,MI,MI,MI,MI,OI,OI,MI,MI,MI,MI,MI,MI,OI,,OI,OI,OI,MI,OI,OI,OI,OI,,,,,,,,,,,,,,,,
Retail,RET,Beauty & Personal Care,RET-13,Tools & Accessories,RET-13-1A,Foot Care,RET-13-1A-10,Shoe Pads,RET-13-1A-10-12,,MC,MC,MC,MC,MC,MC,MI,MI,MI,MI,MI,MI,MI,MI,MI,MI,MI,MI,MI,MI,MI,MI,OI,OI,MI,MI,MI,MI,MI,MI,OI,,OI,OI,OI,MI,OI,OI,OI,OI,,,,,,,,,,,,,,,,
Retail,RET,Beauty & Personal Care,RET-13,Tools & Accessories,RET-13-1A,Bags & Cases,RET-13-1A-11,Cosmetic Bags,RET-13-1A-11-10,,MC,MC,MC,MC,MC,MC,MI,MI,MI,MI,MI,MI,MI,MI,MI,MI,MI,MI,MI,MI,MI,MI,OI,OI,MI,MI,MI,MI,MI,MI,OI,,OI,OI,OI,MI,OI,OI,OI,OI,,,,,,,,,,,,,,,,
Retail,RET,Beauty & Personal Care,RET-13,Tools & Accessories,RET-13-1A,Bags & Cases,RET-13-1A-11,Make-Up Pouches,RET-13-1A-11-11,,MC,MC,MC,MC,MC,MC,MI,MI,MI,MI,MI,MI,MI,MI,MI,MI,MI,MI,MI,MI,MI,MI,OI,OI,MI,MI,MI,MI,MI,MI,OI,,OI,OI,OI,MI,OI,OI,OI,OI,,,,,,,,,,,,,,,,
Retail,RET,Beauty & Personal Care,RET-13,Tools & Accessories,RET-13-1A,Bags & Cases,RET-13-1A-11,Toiletry Kits & Bags,RET-13-1A-11-12,,MC,MC,MC,MC,MC,MC,MI,MI,MI,MI,MI,MI,MI,MI,MI,MI,MI,MI,MI,MI,MI,MI,OI,OI,MI,MI,MI,MI,MI,MI,OI,,OI,OI,OI,MI,OI,OI,OI,OI,,,,,,,,,,,,,,,,
Retail,RET,Beauty & Personal Care,RET-13,Tools & Accessories,RET-13-1A,Bags & Cases,RET-13-1A-11,Train Cases,RET-13-1A-11-13,,MC,MC,MC,MC,MC,MC,MI,MI,MI,MI,MI,MI,MI,MI,MI,MI,MI,MI,MI,MI,MI,MI,OI,OI,MI,MI,MI,MI,MI,MI,OI,,OI,OI,OI,MI,OI,OI,OI,OI,,,,,,,,,,,,,,,,
Retail,RET,Beauty & Personal Care,RET-13,Tools & Accessories,RET-13-1A,Bathing Accessories,RET-13-1A-12,Bath Brushes,RET-13-1A-12-10,,MC,MC,MC,MC,MC,MC,MI,MI,MI,MI,MI,MI,MI,MI,MI,MI,MI,MI,MI,MI,MI,MI,OI,OI,MI,MI,MI,MI,MI,MI,OI,,OI,OI,OI,MI,OI,OI,OI,OI,,,,,,,,,,,,,,,,
Retail,RET,Beauty & Personal Care,RET-13,Tools & Accessories,RET-13-1A,Bathing Accessories,RET-13-1A-12,Loofahs,RET-13-1A-12-11,,MC,MC,MC,MC,MC,MC,MI,MI,MI,MI,MI,MI,MI,MI,MI,MI,MI,MI,MI,MI,MI,MI,OI,OI,MI,MI,MI,MI,MI,MI,OI,,OI,OI,OI,MI,OI,OI,OI,OI,,,,,,,,,,,,,,,,
Retail,RET,Beauty & Personal Care,RET-13,Tools & Accessories,RET-13-1A,Bathing Accessories,RET-13-1A-12,Shower Caps,RET-13-1A-12-12,,MC,MC,MC,MC,MC,MC,MI,MI,MI,MI,MI,MI,MI,MI,MI,MI,MI,MI,MI,MI,MI,MI,OI,OI,MI,MI,MI,MI,MI,MI,OI,,OI,OI,OI,MI,OI,OI,OI,OI,,,,,,,,,,,,,,,,
Retail,RET,Beauty & Personal Care,RET-13,Tools & Accessories,RET-13-1A,Bathing Accessories,RET-13-1A-12,Sponges,RET-13-1A-12-13,,MC,MC,MC,MC,MC,MC,MI,MI,MI,MI,MI,MI,MI,MI,MI,MI,MI,MI,MI,MI,MI,MI,OI,OI,MI,MI,MI,MI,MI,MI,OI,,OI,OI,OI,MI,OI,OI,OI,OI,,,,,,,,,,,,,,,,
Retail,RET,Beauty & Personal Care,RET-13,Tools & Accessories,RET-13-1A,Bathing Accessories,RET-13-1A-12,Washcloths,RET-13-1A-12-14,,MC,MC,MC,MC,MC,MC,MI,MI,MI,MI,MI,MI,MI,MI,MI,MI,MI,MI,MI,MI,MI,MI,OI,OI,MI,MI,MI,MI,MI,MI,OI,,OI,OI,OI,MI,OI,OI,OI,OI,,,,,,,,,,,,,,,,
Retail,RET,Beauty & Personal Care,RET-13,Tools & Accessories,RET-13-1A,Cotton & Swabs,RET-13-1A-13,Cotton & Swabs,RET-13-1A-13-10,,MC,MC,MC,MC,MC,MC,MI,MI,MI,MI,MI,MI,MI,MI,MI,MI,MI,MI,MI,MI,MI,MI,OI,OI,MI,MI,MI,MI,MI,MI,OI,,OI,OI,OI,MI,OI,OI,OI,OI,,,,,,,,,,,,,,,,
Retail,RET,Beauty & Personal Care,RET-13,Tools & Accessories,RET-13-1A,Refillable Containers,RET-13-1A-14,Droppers,RET-13-1A-14-10,,MC,MC,MC,MC,MC,MC,MI,MI,MI,MI,MI,MI,MI,MI,MI,MI,MI,MI,MI,MI,MI,MI,OI,OI,MI,MI,MI,MI,MI,MI,OI,,OI,OI,OI,MI,OI,OI,OI,OI,,,,,,,,,,,,,,,,
Retail,RET,Beauty & Personal Care,RET-13,Tools & Accessories,RET-13-1A,Refillable Containers,RET-13-1A-14,Jars,RET-13-1A-14-11,,MC,MC,MC,MC,MC,MC,MI,MI,MI,MI,MI,MI,MI,MI,MI,MI,MI,MI,MI,MI,MI,MI,OI,OI,MI,MI,MI,MI,MI,MI,OI,,OI,OI,OI,MI,OI,OI,OI,OI,,,,,,,,,,,,,,,,
Retail,RET,Beauty & Personal Care,RET-13,Tools & Accessories,RET-13-1A,Refillable Containers,RET-13-1A-14,Kits,RET-13-1A-14-12,,MC,MC,MC,MC,MC,MC,MI,MI,MI,MI,MI,MI,MI,MI,MI,MI,MI,MI,MI,MI,MI,MI,OI,OI,MI,MI,MI,MI,MI,MI,OI,,OI,OI,OI,MI,OI,OI,OI,OI,,,,,,,,,,,,,,,,
Retail,RET,Beauty & Personal Care,RET-13,Tools & Accessories,RET-13-1A,Refillable Containers,RET-13-1A-14,Pump Dispensers,RET-13-1A-14-13,,MC,MC,MC,MC,MC,MC,MI,MI,MI,MI,MI,MI,MI,MI,MI,MI,MI,MI,MI,MI,MI,MI,OI,OI,MI,MI,MI,MI,MI,MI,OI,,OI,OI,OI,MI,OI,OI,OI,OI,,,,,,,,,,,,,,,,
Retail,RET,Beauty & Personal Care,RET-13,Tools & Accessories,RET-13-1A,Refillable Containers,RET-13-1A-14,Roller Bottles,RET-13-1A-14-14,,MC,MC,MC,MC,MC,MC,MI,MI,MI,MI,MI,MI,MI,MI,MI,MI,MI,MI,MI,MI,MI,MI,OI,OI,MI,MI,MI,MI,MI,MI,OI,,OI,OI,OI,MI,OI,OI,OI,OI,,,,,,,,,,,,,,,,
Retail,RET,Beauty & Personal Care,RET-13,Tools & Accessories,RET-13-1A,Refillable Containers,RET-13-1A-14,Spray Bottles,RET-13-1A-14-15,,MC,MC,MC,MC,MC,MC,MI,MI,MI,MI,MI,MI,MI,MI,MI,MI,MI,MI,MI,MI,MI,MI,OI,OI,MI,MI,MI,MI,MI,MI,OI,,OI,OI,OI,MI,OI,OI,OI,OI,,,,,,,,,,,,,,,,
Retail,RET,Beauty & Personal Care,RET-13,Tools & Accessories,RET-13-1A,Refillable Containers,RET-13-1A-14,Squeeze Bottles,RET-13-1A-14-16,,MC,MC,MC,MC,MC,MC,MI,MI,MI,MI,MI,MI,MI,MI,MI,MI,MI,MI,MI,MI,MI,MI,OI,OI,MI,MI,MI,MI,MI,MI,OI,,OI,OI,OI,MI,OI,OI,OI,OI,,,,,,,,,,,,,,,,
Retail,RET,Beauty & Personal Care,RET-13,Tools & Accessories,RET-13-1A,Shaving & Hair Removal,RET-13-1A-15,Bleaching,RET-13-1A-15-10,,MC,MC,MC,MC,MC,MC,MI,MI,MI,MI,MI,MI,MI,MI,MI,MI,MI,MI,MI,MI,MI,MI,OI,OI,MI,MI,MI,MI,MI,MI,OI,,OI,OI,OI,MI,OI,OI,OI,OI,,,,,,,,,,,,,,,,
Retail,RET,Beauty & Personal Care,RET-13,Tools & Accessories,RET-13-1A,Shaving & Hair Removal,RET-13-1A-15,Hair Removal Creams,RET-13-1A-15-11,,MC,MC,MC,MC,MC,MC,MI,MI,MI,MI,MI,MI,MI,MI,MI,MI,MI,MI,MI,MI,MI,MI,OI,OI,MI,MI,MI,MI,MI,MI,OI,,OI,OI,OI,MI,OI,OI,OI,OI,,,,,,,,,,,,,,,,
Retail,RET,Beauty & Personal Care,RET-13,Tools & Accessories,RET-13-1A,Shaving & Hair Removal,RET-13-1A-15,Tweezers,RET-13-1A-15-12,,MC,MC,MC,MC,MC,MC,MI,MI,MI,MI,MI,MI,MI,MI,MI,MI,MI,MI,MI,MI,MI,MI,OI,OI,MI,MI,MI,MI,MI,MI,OI,,OI,OI,OI,MI,OI,OI,OI,OI,,,,,,,,,,,,,,,,
Retail,RET,Beauty & Personal Care,RET-13,Tools & Accessories,RET-13-1A,Shaving & Hair Removal,RET-13-1A-15,Waxing,RET-13-1A-15-13,,MC,MC,MC,MC,MC,MC,MI,MI,MI,MI,MI,MI,MI,MI,MI,MI,MI,MI,MI,MI,MI,MI,OI,OI,MI,MI,MI,MI,MI,MI,OI,,OI,OI,OI,MI,OI,OI,OI,OI,,,,,,,,,,,,,,,,
Retail,RET,Beauty & Personal Care,RET-13,Tools & Accessories,RET-13-1A,Shaving & Hair Removal,RET-13-1A-15,Shaving Blades,RET-13-1A-15-14,,MC,MC,MC,MC,MC,MC,MI,MI,MI,MI,MI,MI,MI,MI,MI,MI,MI,MI,MI,MI,MI,MI,OI,OI,MI,MI,MI,MI,MI,MI,OI,MC,OI,OI,OI,MI,OI,OI,OI,OI,,,,,,,,,,,,,,,,
Retail,RET,Beauty & Personal Care,RET-13,Tools & Accessories,RET-13-1A,Shaving & Hair Removal,RET-13-1A-15,Shaving Razors,RET-13-1A-15-15,,MC,MC,MC,MC,MC,MC,MI,MI,MI,MI,MI,MI,MI,MI,MI,MI,MI,MI,MI,MI,MI,MI,OI,OI,MI,MI,MI,MI,MI,MI,OI,MC,OI,OI,OI,MI,OI,OI,OI,OI,,,,,,,,,,,,,,,,
Retail,RET,Beauty & Personal Care,RET-13,Tools & Accessories,RET-13-1A,Shaving & Hair Removal,RET-13-1A-15,Shaving Cartridges,RET-13-1A-15-16,,MC,MC,MC,MC,MC,MC,MI,MI,MI,MI,MI,MI,MI,MI,MI,MI,MI,MI,MI,MI,MI,MI,OI,OI,MI,MI,MI,MI,MI,MI,OI,MC,OI,OI,OI,MI,OI,OI,OI,OI,,,,,,,,,,,,,,,,
Retail,RET,Beauty & Personal Care,RET-13,Tools & Accessories,RET-13-1A,Shaving & Hair Removal,RET-13-1A-15,Shaving Brushes,RET-13-1A-15-17,,MC,MC,MC,MC,MC,MC,MI,MI,MI,MI,MI,MI,MI,MI,MI,MI,MI,MI,MI,MI,MI,MI,OI,OI,MI,MI,MI,MI,MI,MI,OI,,OI,OI,OI,MI,OI,OI,OI,OI,,,,,,,,,,,,,,,,
Retail,RET,Beauty & Personal Care,RET-13,Tools & Accessories,RET-13-1A,Shaving & Hair Removal,RET-13-1A-15,Electric Shavers,RET-13-1A-15-18,,MC,MC,MC,MC,MC,MC,MI,MI,MI,MI,MI,MI,MI,MI,MI,MI,MI,MI,MI,MI,MI,MI,OI,OI,MI,MI,MI,MI,MI,MI,OI,,OI,OI,OI,MI,OI,OI,OI,OI,,,,,MI,,,,,,,,,,,
Retail,RET,Beauty & Personal Care,RET-13,Tools & Accessories,RET-13-1A,Shaving & Hair Removal,RET-13-1A-15,Electric Trimmers,RET-13-1A-15-19,,MC,MC,MC,MC,MC,MC,MI,MI,MI,MI,MI,MI,MI,MI,MI,MI,MI,MI,MI,MI,MI,MI,OI,OI,MI,MI,MI,MI,MI,MI,OI,,OI,OI,OI,MI,OI,OI,OI,OI,,,,,MI,,,,,,,,,,,
Retail,RET,Beauty & Personal Care,RET-13,Tools & Accessories,RET-13-1A,Shaving & Hair Removal,RET-13-1A-15,Epilators,RET-13-1A-15-1A,,MC,MC,MC,MC,MC,MC,MI,MI,MI,MI,MI,MI,MI,MI,MI,MI,MI,MI,MI,MI,MI,MI,OI,OI,MI,MI,MI,MI,MI,MI,OI,,OI,OI,OI,MI,OI,OI,OI,OI,,,,,MI,,,,,,,,,,,
Retail,RET,Beauty & Personal Care,RET-13,Tools & Accessories,RET-13-1A,Foot Care,RET-13-1A-16,Callus Shavers,RET-13-1A-16-10,,MC,MC,MC,MC,MC,MC,MI,MI,MI,MI,MI,MI,MI,MI,MI,MI,MI,MI,MI,MI,MI,MI,OI,OI,MI,MI,MI,MI,MI,MI,OI,,OI,OI,OI,MI,OI,OI,OI,OI,,,,,,,,,,,,,,,,
Retail,RET,Beauty & Personal Care,RET-13,Tools & Accessories,RET-13-1A,Foot Care,RET-13-1A-16,Callus Stones,RET-13-1A-16-11,,MC,MC,MC,MC,MC,MC,MI,MI,MI,MI,MI,MI,MI,MI,MI,MI,MI,MI,MI,MI,MI,MI,OI,OI,MI,MI,MI,MI,MI,MI,OI,,OI,OI,OI,MI,OI,OI,OI,OI,,,,,,,,,,,,,,,,
Retail,RET,Beauty & Personal Care,RET-13,Tools & Accessories,RET-13-1A,Foot Care,RET-13-1A-16,Foot Soaks,RET-13-1A-16-12,,MC,MC,MC,MC,MC,MC,MI,MI,MI,MI,MI,MI,MI,MI,MI,MI,MI,MI,MI,MI,MI,MI,OI,OI,MI,MI,MI,MI,MI,MI,OI,,OI,OI,OI,MI,OI,OI,OI,OI,,,,,,,,,,,,,,,,
Retail,RET,Beauty & Personal Care,RET-13,Tools & Accessories,RET-13-1A,Tools & Brushes,RET-13-1A-17,Face Brush,RET-13-1A-17-10,,MC,MC,MC,MC,MC,MC,MI,MI,MI,MI,MI,MI,MI,MI,MI,MI,MI,MI,MI,MI,MI,MI,OI,OI,MI,MI,MI,MI,MI,MI,OI,,OI,OI,OI,MI,OI,OI,OI,OI,,,,,,,,,,,,,,OI,OI,
Retail,RET,Beauty & Personal Care,RET-13,Tools & Accessories,RET-13-1A,Tools & Brushes,RET-13-1A-17,Eye Brush,RET-13-1A-17-11,,MC,MC,MC,MC,MC,MC,MI,MI,MI,MI,MI,MI,MI,MI,MI,MI,MI,MI,MI,MI,MI,MI,OI,OI,MI,MI,MI,MI,MI,MI,OI,,OI,OI,OI,MI,OI,OI,OI,OI,,,,,,,,,,,,,,OI,OI,
Retail,RET,Beauty & Personal Care,RET-13,Tools & Accessories,RET-13-1A,Tools & Brushes,RET-13-1A-17,Lip Brush,RET-13-1A-17-12,,MC,MC,MC,MC,MC,MC,MI,MI,MI,MI,MI,MI,MI,MI,MI,MI,MI,MI,MI,MI,MI,MI,OI,OI,MI,MI,MI,MI,MI,MI,OI,,OI,OI,OI,MI,OI,OI,OI,OI,,,,,,,,,,,,,,OI,OI,
Retail,RET,Beauty & Personal Care,RET-13,Tools & Accessories,RET-13-1A,Tools & Brushes,RET-13-1A-17,Brush Sets,RET-13-1A-17-13,,MC,MC,MC,MC,MC,MC,MI,MI,MI,MI,MI,MI,MI,MI,MI,MI,MI,MI,MI,MI,MI,MI,OI,OI,MI,MI,MI,MI,MI,MI,OI,,OI,OI,OI,MI,OI,OI,OI,OI,,,,,,,,,,,,,,OI,OI,
Retail,RET,Beauty & Personal Care,RET-13,Tools & Accessories,RET-13-1A,Tools & Brushes,RET-13-1A-17,Brush Cleaners,RET-13-1A-17-14,,MC,MC,MC,MC,MC,MC,MI,MI,MI,MI,MI,MI,MI,MI,MI,MI,MI,MI,MI,MI,MI,MI,OI,OI,MI,MI,MI,MI,MI,MI,OI,,OI,OI,OI,MI,OI,OI,OI,OI,,,,,,,,,,,,,,,,
Retail,RET,Beauty & Personal Care,RET-13,Tools & Accessories,RET-13-1A,Tools & Brushes,RET-13-1A-17,Sponges & Applicators,RET-13-1A-17-15,,MC,MC,MC,MC,MC,MC,MI,MI,MI,MI,MI,MI,MI,MI,MI,MI,MI,MI,MI,MI,MI,MI,OI,OI,MI,MI,MI,MI,MI,MI,OI,,OI,OI,OI,MI,OI,OI,OI,OI,,,,,,,,,,,,,,,,
Retail,RET,Beauty & Personal Care,RET-13,Tools & Accessories,RET-13-1A,Tools & Brushes,RET-13-1A-17,Eyelash Curlers,RET-13-1A-17-16,,MC,MC,MC,MC,MC,MC,MI,MI,MI,MI,MI,MI,MI,MI,MI,MI,MI,MI,MI,MI,MI,MI,OI,OI,MI,MI,MI,MI,MI,MI,OI,,OI,OI,OI,MI,OI,OI,OI,OI,,,,,,,,,,,,,,,,
Retail,RET,Beauty & Personal Care,RET-13,Tools & Accessories,RET-13-1A,Tools & Brushes,RET-13-1A-17,Tweezers,RET-13-1A-17-17,,MC,MC,MC,MC,MC,MC,MI,MI,MI,MI,MI,MI,MI,MI,MI,MI,MI,MI,MI,MI,MI,MI,OI,OI,MI,MI,MI,MI,MI,MI,OI,,OI,OI,OI,MI,OI,OI,OI,OI,,,,,,,,,,,,,,,,
Retail,RET,Beauty & Personal Care,RET-13,Tools & Accessories,RET-13-1A,Tools & Brushes,RET-13-1A-17,Sharpeners,RET-13-1A-17-18,,MC,MC,MC,MC,MC,MC,MI,MI,MI,MI,MI,MI,MI,MI,MI,MI,MI,MI,MI,MI,MI,MI,OI,OI,MI,MI,MI,MI,MI,MI,OI,,OI,OI,OI,MI,OI,OI,OI,OI,,,,,,,,,,,,,,,,
Retail,RET,Beauty & Personal Care,RET-13,Tools & Accessories,RET-13-1A,Tools & Brushes,RET-13-1A-17,Mirrors,RET-13-1A-17-19,,MC,MC,MC,MC,MC,MC,MI,MI,MI,MI,MI,MI,MI,MI,MI,MI,MI,MI,MI,MI,MI,MI,OI,OI,MI,MI,MI,MI,MI,MI,OI,,OI,OI,OI,MI,OI,OI,OI,OI,,,,,,,,,,,,,,,,
Retail,RET,Beauty & Personal Care,RET-13,Tools & Accessories,RET-13-1A,Tools & Brushes,RET-13-1A-17,Makeup Pouches,RET-13-1A-17-1A,,MC,MC,MC,MC,MC,MC,MI,MI,MI,MI,MI,MI,MI,MI,MI,MI,MI,MI,MI,MI,MI,MI,OI,OI,MI,MI,MI,MI,MI,MI,OI,,OI,OI,OI,MI,OI,OI,OI,OI,,,,,,,,,,,,,,,,
Retail,RET,Beauty & Personal Care,RET-13,Tools & Accessories,RET-13-1A,Mirrors,RET-13-1A-18,Make-up Mirrors,RET-13-1A-18-10,,MC,MC,MC,MC,MC,MC,MI,MI,MI,MI,MI,MI,MI,MI,MI,MI,MI,MI,MI,MI,MI,MI,OI,OI,MI,MI,MI,MI,MI,MI,OI,,OI,OI,OI,MI,OI,OI,OI,OI,,,,,,,,,,,,,,,,
Retail,RET,Beauty & Personal Care,RET-13,Tools & Accessories,RET-13-1A,Mirrors,RET-13-1A-18,Shower Mirrors,RET-13-1A-18-11,,MC,MC,MC,MC,MC,MC,MI,MI,MI,MI,MI,MI,MI,MI,MI,MI,MI,MI,MI,MI,MI,MI,OI,OI,MI,MI,MI,MI,MI,MI,OI,,OI,OI,OI,MI,OI,OI,OI,OI,,,,,,,,,,,,,,,,
Retail,RET,Beauty & Personal Care,RET-13,Tools & Accessories,RET-13-1A,Refillable Bottles,RET-13-1A-19,Refillable Bottles,RET-13-1A-19-10,,MC,MC,MC,MC,MC,MC,MI,MI,MI,MI,MI,MI,MI,MI,MI,MI,MI,MI,MI,MI,MI,MI,OI,OI,MI,MI,MI,MI,MI,MI,OI,,OI,OI,OI,MI,OI,OI,OI,OI,,,,,,,,,,,,,,,,
Retail,RET,Beauty & Personal Care,RET-13,Tools & Accessories,RET-13-1A,Skin Care Tools,RET-13-1A-1A,Acne Treatment Devices,RET-13-1A-1A-10,,MC,MC,MC,MC,MC,MC,MI,MI,MI,MI,MI,MI,MI,MI,MI,MI,MI,MI,MI,MI,MI,MI,OI,OI,MI,MI,MI,MI,MI,MI,OI,,OI,OI,OI,MI,OI,OI,OI,OI,,,,,,,,,,,,,,,,
Retail,RET,Beauty & Personal Care,RET-13,Tools & Accessories,RET-13-1A,Skin Care Tools,RET-13-1A-1A,Black Head Remover,RET-13-1A-1A-11,,MC,MC,MC,MC,MC,MC,MI,MI,MI,MI,MI,MI,MI,MI,MI,MI,MI,MI,MI,MI,MI,MI,OI,OI,MI,MI,MI,MI,MI,MI,OI,,OI,OI,OI,MI,OI,OI,OI,OI,,,,,,,,,,,,,,,,
Retail,RET,Beauty & Personal Care,RET-13,Tools & Accessories,RET-13-1A,Skin Care Tools,RET-13-1A-1A,Exfoliation & Microdermabrasion Devices,RET-13-1A-1A-12,,MC,MC,MC,MC,MC,MC,MI,MI,MI,MI,MI,MI,MI,MI,MI,MI,MI,MI,MI,MI,MI,MI,OI,OI,MI,MI,MI,MI,MI,MI,OI,,OI,OI,OI,MI,OI,OI,OI,OI,,,,,,,,,,,,,,,,
Retail,RET,Beauty & Personal Care,RET-13,Tools & Accessories,RET-13-1A,Skin Care Tools,RET-13-1A-1A,Facial Steamers,RET-13-1A-1A-13,,MC,MC,MC,MC,MC,MC,MI,MI,MI,MI,MI,MI,MI,MI,MI,MI,MI,MI,MI,MI,MI,MI,OI,OI,MI,MI,MI,MI,MI,MI,OI,,OI,OI,OI,MI,OI,OI,OI,OI,,,,,,,,,,,,,,,,
Retail,RET,Beauty & Personal Care,RET-13,Tools & Accessories,RET-13-1A,Skin Care Tools,RET-13-1A-1A,Face Belts,RET-13-1A-1A-14,,MC,MC,MC,MC,MC,MC,MI,MI,MI,MI,MI,MI,MI,MI,MI,MI,MI,MI,MI,MI,MI,MI,OI,OI,MI,MI,MI,MI,MI,MI,OI,,OI,OI,OI,MI,OI,OI,OI,OI,,,,,,,,,,,,,,,,
Retail,RET,Beauty & Personal Care,RET-13,Tools & Accessories,RET-13-1A,Skin Care Tools,RET-13-1A-1A,Facial Cleansing Brushes,RET-13-1A-1A-15,,MC,MC,MC,MC,MC,MC,MI,MI,MI,MI,MI,MI,MI,MI,MI,MI,MI,MI,MI,MI,MI,MI,OI,OI,MI,MI,MI,MI,MI,MI,OI,,OI,OI,OI,MI,OI,OI,OI,OI,,,,,,,,,,,,,,,,
Retail,RET,Beauty & Personal Care,RET-13,Tools & Accessories,RET-13-1A,Skin Care Tools,RET-13-1A-1A,Facial Rollers,RET-13-1A-1A-16,,MC,MC,MC,MC,MC,MC,MI,MI,MI,MI,MI,MI,MI,MI,MI,MI,MI,MI,MI,MI,MI,MI,OI,OI,MI,MI,MI,MI,MI,MI,OI,,OI,OI,OI,MI,OI,OI,OI,OI,,,,,,,,,,,,,,OI,OI,
Retail,RET,Beauty & Personal Care,RET-13,Tools & Accessories,RET-13-1A,Skin Care Tools,RET-13-1A-1A,Eye Masks,RET-13-1A-1A-17,,MC,MC,MC,MC,MC,MC,MI,MI,MI,MI,MI,MI,MI,MI,MI,MI,MI,MI,MI,MI,MI,MI,OI,OI,MI,MI,MI,MI,MI,MI,OI,,OI,OI,OI,MI,OI,OI,OI,OI,,,,,,,,,,,,,,,,
Retail,RET,Beauty & Personal Care,RET-13,Tools & Accessories,RET-13-1A,Skin Care Tools,RET-13-1A-1A,Lip Plumping Devices,RET-13-1A-1A-18,,MC,MC,MC,MC,MC,MC,MI,MI,MI,MI,MI,MI,MI,MI,MI,MI,MI,MI,MI,MI,MI,MI,OI,OI,MI,MI,MI,MI,MI,MI,OI,,OI,OI,OI,MI,OI,OI,OI,OI,,,,,,,,,,,,,,,,
Retail,RET,Beauty & Personal Care,RET-13,Tools & Accessories,RET-13-1A,Skin Care Tools,RET-13-1A-1A,Skin Moisture Analysers,RET-13-1A-1A-19,,MC,MC,MC,MC,MC,MC,MI,MI,MI,MI,MI,MI,MI,MI,MI,MI,MI,MI,MI,MI,MI,MI,OI,OI,MI,MI,MI,MI,MI,MI,OI,,OI,OI,OI,MI,OI,OI,OI,OI,,,,,,,,,,,,,,,,
Retail,RET,Beauty & Personal Care,RET-13,Tools & Accessories,RET-13-1A,Skin Care Tools,RET-13-1A-1A,Wrinkle & Anti-Ageing Devices,RET-13-1A-1A-1A,,MC,MC,MC,MC,MC,MC,MI,MI,MI,MI,MI,MI,MI,MI,MI,MI,MI,MI,MI,MI,MI,MI,OI,OI,MI,MI,MI,MI,MI,MI,OI,,OI,OI,OI,MI,OI,OI,OI,OI,,,,,,,,,,,,,,,,
