L3	L4	product_name	L2
Topwear	T Shirts	Men Blue Colourblocked Contrast Polo Collar T-shirt with Brand Logo Detail	Men's Apparel
Bottomwear	Shorts	Men Grey Regular Shorts	Men's Apparel
Topwear	Shirts	Men Grey & Black Slim Fit Checked Casual Shirt	Men's Apparel
Bottomwear	Shorts	Men Pink Graphic Printed Slim Fit Cotton Running Shorts	Men's Apparel
Topwear	Shirts	Men Green Comfort Regular Fit Printed Casual Shirt	Men's Apparel
Bottomwear	Shorts	Men Black & Grey Colourblocked Regular Fit Pure Cotton Shorts	Men's Apparel
Topwear	Shirts	U S Polo Assn Denim Co Men Rust Pure Cotton Checked Casual Shirt	Men's Apparel
Topwear	Shirts	Men Blue Slim Fit Windowpane Checks Checked Cotton Casual Shirt	Men's Apparel
Topwear	Shirts	Vertical Striped Casual Cotton Shirt	Men's Apparel
Topwear	T Shirts	Men Red & White individualRISE Logo Printed Slim Fit Football Sustainable T-shirt	Men's Apparel
Bottomwear	Shorts	Men Black Sports Shorts	Men's Apparel
Topwear	Shirts	Men Slim Fit Casual Pure Cotton Shirt	Men's Apparel
Topwear	T Shirts	Men Fluorescent Green Virat Kohli Ms Active I Brand Logo Printed T-shirt	Men's Apparel
Bottomwear	Shorts	550 Men Navy Blue Relaxed Tapered Fit Mid-Rise Clean Look Stretchable Jeans	Men's Apparel
Topwear	T Shirts	HRX By Hrithik Roshan Lifestyle Men Oxy Fire Bio-Wash Brand carrier Tshirts	Men's Apparel
Bottomwear	Shorts	Men Black Solid Regular Shorts	Men's Apparel
Bottomwear	Track Pants & Shorts	Men Fuchsia Pink Brand Logo Printed Regular Joggers With Side Stripes	Men's Apparel
Bottomwear	Track Pants & Shorts	Men Grey & Black Solid Track Pant	Men's Apparel
Bottomwear	Track Pants & Shorts	HRX By Hrithik Roshan Training Men Pewter Bio-Wash Brand Carrier Track Pants	Men's Apparel
Innerwear & Sleepwear	Briefs & Trunks	International Collection Men Black Solid Pima Cotton Briefs IC31-0105	Men's Apparel
Topwear	Shirts	Men Pure Cotton Chiseled Slim Fit Printed Casual Shirt	Men's Apparel
Innerwear & Sleepwear	Briefs & Trunks	Men IntelliSoft Antimicrobial Micro Modal Pack of 2 Illuminati Trunks XYTRNK2PCKN231	Men's Apparel
Topwear	T Shirts	Men Yellow Printed Slim Fit Cotton T-shirt	Men's Apparel
Bottomwear	Track Pants & Shorts	Men Olive Green Printed Camouflage Cotton Joggers	Men's Apparel
Topwear	T Shirts	Men Black Solid Hooded Active Fit T-shirt	Men's Apparel
Topwear	T Shirts	Men Pink Round Neck Pure Cotton T-shirt	Men's Apparel
Topwear	T Shirts	Men Black & Yellow Brand Logo Printed Man City Football Pure Cotton T-shirt	Men's Apparel
Topwear	T Shirts	Men Mustard Yellow & Navy Blue Striped Polo Collar T-shirt	Men's Apparel
Topwear	Shirts	U.S. Polo Assn. Denim Co.Men White Tartan Checks Checked Casual Shirt	Men's Apparel
Topwear	T Shirts	Men Navy Blue & Gold-Toned Brand Logo Embroidered Polo Collar T-shirt	Men's Apparel
Topwear	Shirts	Men Yellow Printed Cotton Slim Fit Casual Shirt	Men's Apparel
Topwear	Shirts	Men Checked Casual Cotton Shirt	Men's Apparel
Topwear	Kurtas & Kurta Sets	Men Navy Blue & White Printed Kurta with Trousers	Men's Apparel
Bottomwear	Track Pants & Shorts	Men Green Solid Solid Joggers	Men's Apparel
Bottomwear	Shorts	Men Black Solid Regular Fit Cotton Sports Shorts	Men's Apparel
Bottomwear	Shorts	Men Black Printed Regular Shorts	Men's Apparel
Bottomwear	Shorts	Men Blue Washed Slim Fit Denim Shorts	Men's Apparel
Bottomwear	Shorts	Men Solid Shorts	Men's Apparel
Bottomwear	Shorts	Men Navy Blue & Lime Green Striped Slim Fit Sports Shorts	Men's Apparel
Bottomwear	Track Pants & Shorts	Men Grey Solid Pure Cotton BMW M Motorsport ESS Joggers	Men's Apparel
Topwear	Shirts	Slim Fit Striped Cotton Casual Shirt	Men's Apparel
Bottomwear	Shorts	Men Navy Blue Printed Regular Fit Sports Shorts	Men's Apparel
Topwear	Shirts	Men Teal Blue & White Regular Fit Printed Casual Sustainable Shirt	Men's Apparel
Bottomwear	Shorts	Men Olive Green Outdoor Sports Shorts	Men's Apparel
Topwear	Kurtas & Kurta Sets	Men Peach-Coloured Chikankari Embroidered Pure Cotton Kurta with Pyjamas	Men's Apparel
Bottomwear	Track Pants & Shorts	Men Black & White Side Striped Detail Joggers	Men's Apparel
Bottomwear	Track Pants & Shorts	Men Navy Blue & Black Essential Tapered Fit Joggers	Men's Apparel
Topwear	T Shirts	Men Plus Size Red Polo Collar Solid Side Tape Detail T-shirt	Men's Apparel
Topwear	Kurtas & Kurta Sets	Men Navy Blue Striped Kurta with Pyjamas	Men's Apparel
Topwear	T Shirts	Men Navy Blue & Beige Striped Self Design Pure Cotton Slim Fit T-shirt	Men's Apparel
Topwear	T Shirts	Men Black Solid Round Neck T-shirt	Men's Apparel
Topwear	Shirts	Men Off-White Slim Fit Checked Casual Shirt	Men's Apparel
Bottomwear	Shorts	Men Grey Tapered Fit Mid-Rise Clean Look Jeans	Men's Apparel
Bottomwear	Shorts	Men Blue Sports Shorts	Men's Apparel
Bottomwear	Track Pants & Shorts	Men olive Green Solid Joggers With Printed Sides	Men's Apparel
Topwear	T Shirts	Men Maroon Solid Cotton Drop-Shoulder Loose Fit Oversized T-shirt	Men's Apparel
Topwear	Kurtas & Kurta Sets	Men Cream-Coloured Solid Dhotis With Angavastram	Men's Apparel
Topwear	Shirts	Men Sea Green Solid Casual Shirt	Men's Apparel
Topwear	Shirts	Men Blue Tailored Fit Pure Cotton Casual Shirt	Men's Apparel
Bottomwear	Shorts	Men Green Printed Shorts	Men's Apparel
Bottomwear	Shorts	Men Black Sports Shorts	Men's Apparel
Topwear	T Shirts	Louis Philippe Ath .Work Men Black Brand Logo Stripe Detail Slim Fit Casual T-shirt	Men's Apparel
Topwear	Shirts	Men Black & White Regular Fit Printed Casual Shirt	Men's Apparel
Bottomwear	Track Pants & Shorts	HRX By Hrithik Roshan Men Solid Charcoal Heather Terry Track Pants	Men's Apparel
Bottomwear	Shorts	Men Blue Mid-Rise Reflective Striped Sports Shorts	Men's Apparel
Bottomwear	Shorts	Men Blue Washed Slim Fit Denim Shorts	Men's Apparel
Bottomwear	Track Pants & Shorts	Men Plus Size Colourblocked Joggers	Men's Apparel
Topwear	Shirts	Charcoal Grey Slim Fit Checked Sustainable Casual Shirt	Men's Apparel
Topwear	Shirts	The Lifestyle Co Men Mauve Geometric Printed Pure Cotton Casual Shirt	Men's Apparel
Topwear	T Shirts	Men Sea Green Graphic Printed Pure Cotton T-shirt	Men's Apparel
Bottomwear	Track Pants & Shorts	Men Navy Blue Solid Joggers With Printed Side Logo	Men's Apparel
Innerwear & Sleepwear	Briefs & Trunks	One8 by Virat Kohli Men Black Super Cotton Stretch Briefs 203	Men's Apparel
Topwear	T Shirts	Men Beige Printed Polo Collar Pure Cotton T-shirt	Men's Apparel
Topwear	Shirts	Men White & Black Regular Fit Checked Smart Casual Sustainable Shirt	Men's Apparel
Bottomwear	Shorts	Men Black Sports Shorts	Men's Apparel
Bottomwear	Track Pants & Shorts	HRX By Hrithik Roshan Lifestyle Men Jet Black Bio-Wash Solid Joggers	Men's Apparel
Topwear	Shirts	Men Navy Blue Cotton Slim Fit Ditsy Printed Casual Shirt	Men's Apparel
Topwear	T Shirts	Men Navy Blue Pure Cotton Slim Fit T-shirt	Men's Apparel
Bottomwear	Shorts	Men Blue Skinny Fit Mid-Rise Clean Look Stretchable Jeans	Men's Apparel
Innerwear & Sleepwear	Briefs & Trunks	Men Charcoal Grey Brand Logo Print Trunk NB22256O4	Men's Apparel
Topwear	Kurtas & Kurta Sets	Men Teal Blue Solid Kurta	Men's Apparel
Topwear	Shirts	Men Teal Blue Cotton Sustainable Casual Shirt	Men's Apparel
Topwear	T Shirts	Men Coffee Brown Solid Cotton Polo Collar T-shirt	Men's Apparel
Topwear	Shirts	Men Green Slim Fit Tartan Checked Casual Shirt	Men's Apparel
Topwear	Kurtas & Kurta Sets	Men Navy Blue Ethnic Motifs Printed Kurta with Pyjamas	Men's Apparel
Topwear	Shirts	Men Blue Casual Shirt	Men's Apparel
Topwear	Kurtas & Kurta Sets	Men Maroon & White Ethnic Motifs Printed Kurta	Men's Apparel
Innerwear & Sleepwear	Briefs & Trunks	Men's Set Of 3 Classic Trunk 0510P3	Men's Apparel
Topwear	Shirts	Men Teal Blue & White Slim Fit Striped Casual Shirt	Men's Apparel
Bottomwear	Shorts	Men Navy Blue & Red Checked Lounge Shorts	Men's Apparel
Bottomwear	Shorts	Men Blue 511 Styled Slim Fit Heavy Fade Stretchable Jeans	Men's Apparel
Bottomwear	Shorts	Men Blue Washed Slim Fit Mid-Rise Denim Shorts	Men's Apparel
Topwear	Shirts	Men White & Blue Regular Fit Printed Casual Shirt	Men's Apparel
Topwear	Shirts	Men Blue Solid Slim Fit Pure Cotton Casual Shirt	Men's Apparel
Topwear	Shirts	Men Black Solid Casual Shirt	Men's Apparel
Topwear	T Shirts	HRX By Hrithik Roshan Running Men White & French Blue Rapid-Dry Pack of 2 Solid T-shirts	Men's Apparel
Topwear	T Shirts	Navy Printed T-shirt	Men's Apparel
Bottomwear	Shorts	Men Navy Blue Solid Mid-Rise Running Sports Shorts	Men's Apparel
Topwear	Kurtas & Kurta Sets	Men Maroon Ethnic Motifs Printed Kurta with Dhoti Pants	Men's Apparel
Topwear	Kurtas & Kurta Sets	Striped Mandarin Collar Thread Work Kurta	Men's Apparel
Indian & Fusion Wear	Blouses	Chikankari Embroidered Saree Blouse	Women's Apparel
Indian & Fusion Wear	Kurtas, Kurta Sets & Suits	Printed Anarkali Kurta with Palazzos & Dupatta	Women's Apparel
Indian & Fusion Wear	Ethnic Wear	Geometric Printed Pure Cotton Kurti	Women's Apparel
Indian & Fusion Wear	Sarees	Yellow & Red Pure Georgette Saree	Women's Apparel
Indian & Fusion Wear	Sarees	Orange & Purple Woven Design Zari Silk Blend Kanjeevaram Saree	Women's Apparel
Indian & Fusion Wear	Sarees	Striped Pure Georgette Saree	Women's Apparel
Indian & Fusion Wear	Ethnic Wear	Women Pink Printed Straight Kurta	Women's Apparel
Indian & Fusion Wear	Kurtas, Kurta Sets & Suits	Women Green Bandhani Printed Panelled Gotta Patti Kurti with Sharara & With Dupatta	Women's Apparel
Indian & Fusion Wear	Ethnic Wear	Blue & Red Printed Patola Saree	Women's Apparel
Indian & Fusion Wear	Sarees	Brown & Grey Ethnic Motifs Silk Blend Saree	Women's Apparel
Indian & Fusion Wear	Ethnic Wear	Women Multicoloured Set of 4 Printed Straight Kurta	Women's Apparel
Lingerie & Sleepwear	Sleepwear & Loungewear	Plus Size Women Black Solid Cotton Relaxed Fit Tank Top	Women's Apparel
Indian & Fusion Wear	Sarees	Yellow Printed Poly Georgette Floral Georgette Frilled Saree Skirt	Women's Apparel
Indian & Fusion Wear	Sarees	Yellow & Green Woven Design Silk Blend Kanjeevaram Saree	Women's Apparel
Western Wear	Sweaters & Sweatshirts	Women Purple Cardigan	Women's Apparel
Indian & Fusion Wear	Kurtas, Kurta Sets & Suits	Women Brown Ethnic Motifs Yoke Design Cotton Straight Kurta	Women's Apparel
Indian & Fusion Wear	Sarees	Woven Design Zari Pure Silk Banarasi Saree	Women's Apparel
Western Wear	Jackets & Coats	Women Black & Blue Conversational Printed Bomber Jacket	Women's Apparel
Indian & Fusion Wear	Ethnic Wear	Women Black And White Printed Pure Cotton Kurta with Trousers	Women's Apparel
Western Wear	Sweaters & Sweatshirts	Women Multicoloured Colourblocked Sweatshirt	Women's Apparel
Western Wear	Jackets & Coats	Plus Size Women Lightweight Longline Tailored Jacket	Women's Apparel
Indian & Fusion Wear	Kurtas, Kurta Sets & Suits	Women White Floral Printed Pure Cotton Kurta with Trousers	Women's Apparel
Indian & Fusion Wear	Sarees	Green & Beige Zari Woven Design Saree	Women's Apparel
Indian & Fusion Wear	Kurtas, Kurta Sets & Suits	Women Pink Yoke Design Cotton Kurta	Women's Apparel
Indian & Fusion Wear	Ethnic Wear	Women Yellow Woven Design Silk Cotton Jamdani Saree	Women's Apparel
Indian & Fusion Wear	Kurtas, Kurta Sets & Suits	Women Plus Size Floral Printed Floral Kurta	Women's Apparel
Indian & Fusion Wear	Sarees	Women Mustard Sarees	Women's Apparel
Lingerie & Sleepwear	Swimwear	Black & Green Ethnic Motifs Printed Georgette Maxi Cover Up Dress	Women's Apparel
Indian & Fusion Wear	Sarees	Set Of 2 Brown & Red Pure Georgette Saree	Women's Apparel
Indian & Fusion Wear	Sarees	Pack Of 2 Multicoloured Pure Georgette Saree	Women's Apparel
Lingerie & Sleepwear	Sleepwear & Loungewear	Sea Green & Pink Floral Printed Nightdress	Women's Apparel
Lingerie & Sleepwear	Sleepwear & Loungewear	Women Navy Blue & White Printed Cotton Night Suit	Women's Apparel
Lingerie & Sleepwear	Sleepwear & Loungewear	Green & Off-White Floral Print Kaftan Maxi Nightdress	Women's Apparel
Indian & Fusion Wear	Kurtas, Kurta Sets & Suits	Women Ethnic Motifs Silk Blend Fusion Bottom Kurta Set	Women's Apparel
Indian & Fusion Wear	Sarees	Grey Floral Embroidered Tissue Saree	Women's Apparel
Indian & Fusion Wear	Kurtis, Tunics & Tops	Pink & Green Floral Printed Layered Organza Crop Top	Women's Apparel
Indian & Fusion Wear	Sarees	Red & Gold-Toned Striped Zari Silk Cotton Saree	Women's Apparel
Indian & Fusion Wear	Sarees	women Gold-Toned & Orange Woven Design Zari Silk Blend Banarasi Saree	Women's Apparel
Indian & Fusion Wear	Sarees	Grey & Orange Floral Art Silk Saree	Women's Apparel
Lingerie & Sleepwear	Bra	Sea Green Solid Rapid Dry Training Sports Bra HRX-AW19-WK	Women's Apparel
Indian & Fusion Wear	Sarees	White & Red Paisley Pure Cotton Saree	Women's Apparel
Indian & Fusion Wear	Sarees	Woven Design Leheriya Zari Tissue Banarasi Saree	Women's Apparel
Indian & Fusion Wear	Sarees	Brown & Blue Floral Pure Chiffon Saree	Women's Apparel
Indian & Fusion Wear	Sarees	Navy Blue & Turquoise Blue Saree	Women's Apparel
Western Wear	Sweaters & Sweatshirts	Printed Cotton Sweatshirt	Women's Apparel
Indian & Fusion Wear	Kurtas, Kurta Sets & Suits	Women Peach & White Embroidered Pure Silk Kurta with Trousers & With Dupatta	Women's Apparel
Indian & Fusion Wear	Sarees	Women Navy Blue & Gold Ethnic Motifs Zari Silk Cotton Banarasi Saree	Women's Apparel
Western Wear	Sweaters & Sweatshirts	Blue Solid Hooded Sweatshirt	Women's Apparel
Indian & Fusion Wear	Ethnic Wear	Women Maroon Ethnic Motifs Regular Kurta with Palazzos & With Dupatta	Women's Apparel
Indian & Fusion Wear	Sarees	Cream-Coloured & Green Floral Organza Banarasi Saree	Women's Apparel
Indian & Fusion Wear	Sarees	Burgundy & Gold-Toned Sequinned Silk Blend Saree	Women's Apparel
Lingerie & Sleepwear	Bra	Women Beige Front Closure Non Padded Full Coverage Seamless Minimizer Bra	Women's Apparel
Indian & Fusion Wear	Kurtas, Kurta Sets & Suits	Women Navy Blue Floral Embroidered Kurta with Trousers & With Dupatta	Women's Apparel
Western Wear	Jackets & Coats	The Lifestyle Co. Women Dusty Pink Solid Quilted Jacket	Women's Apparel
Indian & Fusion Wear	Sarees	Green Ethnic Motifs Saree	Women's Apparel
Indian & Fusion Wear	Sarees	Lime Green & Orange Floral Satin Saree	Women's Apparel
Indian & Fusion Wear	Ethnic Wear	Women Pack Of 2 Ethnic Motifs Printed Flared Palazzos	Women's Apparel
Western Wear	Sweaters & Sweatshirts	Women Purple Ribbed Pullover	Women's Apparel
Indian & Fusion Wear	Ethnic Wear	Green & Turquoise Set of 2 Blue Striped Silk Cotton Saree	Women's Apparel
Indian & Fusion Wear	Sarees	Bandhani Art Silk Bandhani Saree	Women's Apparel
Indian & Fusion Wear	Ethnic Wear	Blue & White Embellished Mirror Work Ready to Wear Lehenga &	Women's Apparel
Indian & Fusion Wear	Sarees	Women Blue & Red Geometric Printed Poly Georgette Saree	Women's Apparel
Indian & Fusion Wear	Sarees	Green & Silver-Toned Bandhani Zari Silk Blend Saree	Women's Apparel
Lingerie & Sleepwear	Briefs	Women Maroon Solid Boy Shorts	Women's Apparel
Indian & Fusion Wear	Sarees	Mustard Yellow & Orange Art Silk Solid Kanjeevaram Saree	Women's Apparel
Indian & Fusion Wear	Sarees	Brown & Copper-Toned Woven Design Zari Art Silk Saree	Women's Apparel
Indian & Fusion Wear	Sarees	Pink Solid Ruffles Saree	Women's Apparel
Indian & Fusion Wear	Sarees	Green & Yellow Bandhani Embellished Poly Silk Sarees	Women's Apparel
Indian & Fusion Wear	Kurtas, Kurta Sets & Suits	Women Blue & Red Hand Dyed Marbling Pure Cotton Kurta	Women's Apparel
Western Wear	Sweaters & Sweatshirts	Women Plus Size Lime Green Solid Hooded Sweatshirt	Women's Apparel
Indian & Fusion Wear	Sarees	Brown & Pink Ethnic Motifs Pure Cotton Block Print Saree	Women's Apparel
Indian & Fusion Wear	Sarees	Grey Floral Embroidered Net Saree	Women's Apparel
Indian & Fusion Wear	Sarees	Orange & Red Pure Georgette Saree	Women's Apparel
Indian & Fusion Wear	Kurtas, Kurta Sets & Suits	Women Off-White & Beige Printed Straight Kurta	Women's Apparel
Indian & Fusion Wear	Sarees	White & Beige Ethnic Motifs Saree	Women's Apparel
Indian & Fusion Wear	Ethnic Wear	Floral Print Kurta	Women's Apparel
Indian & Fusion Wear	Kurtas, Kurta Sets & Suits	Women Green Floral Embroidered Sequinned Kurta with Trousers & Dupatta	Women's Apparel
Lingerie & Sleepwear	Briefs	Women Pack Of 3 Red & Maroon Solid Hipster Briefs	Women's Apparel
Indian & Fusion Wear	Sarees	Women Pink & Silver-Toned Floral Zari Linen Blend Saree	Women's Apparel
Indian & Fusion Wear	Sarees	Orange & Navy Blue Ethnic Motifs Pure Georgette Fusion Dharmavaram Saree	Women's Apparel
Western Wear	Sweaters & Sweatshirts	Women Pink Solid Hooded Sweatshirt	Women's Apparel
Indian & Fusion Wear	Ethnic Wear	Floral Printed Satin Saree	Women's Apparel
Indian & Fusion Wear	Kurtas, Kurta Sets & Suits	Women Brown Embellished Gotta Patti Anarkali Kurta	Women's Apparel
Indian & Fusion Wear	Sarees	Pink Printed Organza Saree	Women's Apparel
Indian & Fusion Wear	Sarees	Green Ethnic Motifs Woven Design Silk Cotton Chanderi Saree	Women's Apparel
Indian & Fusion Wear	Ethnic Wear	Women Pack Of 4 Printed Crepe Kurta	Women's Apparel
Indian & Fusion Wear	Sarees	Orange & Grey Tie and Dye Pure Silk Bhagalpuri Saree	Women's Apparel
Indian & Fusion Wear	Sarees	Pack of 2 Yellow & Coral Checked Mysore Silk Saree	Women's Apparel
Indian & Fusion Wear	Sarees	Floral Zari Silk Blend Paithani Saree	Women's Apparel
Indian & Fusion Wear	Sarees	Green & Black Floral Printed Saree	Women's Apparel
Indian & Fusion Wear	Ethnic Wear	Pink & Gold-Toned Ethnic Motifs Brasso Block Print Saree	Women's Apparel
Indian & Fusion Wear	Sarees	Lime Green Silk Blend Woven Design Kanjeevaram Saree	Women's Apparel
Indian & Fusion Wear	Sarees	Woman Floral Embroidered Georgette Celebrity Saree	Women's Apparel
Indian & Fusion Wear	Kurtas, Kurta Sets & Suits	Women Grey & Silver-Toned Bandhani Printed Gotta Patti Kurta	Women's Apparel
Indian & Fusion Wear	Ethnic Wear	Women Pack Of 6 Geometric Checked Crepe Kurta	Women's Apparel
Indian & Fusion Wear	Sarees	Green & Orange Batik Jute Cotton Saree	Women's Apparel
Indian & Fusion Wear	Sarees	Green & Red Woven Design Silk Blend Saree	Women's Apparel
Western Wear	Sweaters & Sweatshirts	Women Maroon Hooded Sweatshirt	Women's Apparel
Indian & Fusion Wear	Kurtas, Kurta Sets & Suits	Women Green Embroidered High Slit Silk Georgette Kurta with Sharara	Women's Apparel
Indian & Fusion Wear	Sarees	Black & Red Ethnic Motifs Print Art Silk Block Print Saree	Women's Apparel
Footwear	Flats	Women Ballerinas Flats	Women's Footwear
Footwear	Heels	Women Pink PU Block Heels	Women's Footwear
Footwear	Flats	Women Grey Colourblocked Open Toe Flats	Women's Footwear
Footwear	Heels	Open-Toe Wedge Heels	Women's Footwear
Footwear	Heels	Women Suede Mules	Women's Footwear
Footwear	Flats	Women Pink One Toe Flats	Women's Footwear
Footwear	Heels	Women Black Solid Sandals	Women's Footwear
Footwear	Heels	Women Black Party Block Heels with Buckles	Women's Footwear
Footwear	Flats	Women Yellow Textured Ethnic Open Toe Flats	Women's Footwear
Footwear	Flats	Women Pink Printed Mules Flats	Women's Footwear
Footwear	Heels	Beige Striped Comfort Sandals	Women's Footwear
Footwear	Heels	Women Blue Striped Block Heels	Women's Footwear
Footwear	Heels	Women Block Mules	Women's Footwear
Footwear	Heels	Nude-Coloured PU Block Heels	Women's Footwear
Footwear	Heels	Black Embellished Block Heels	Women's Footwear
Footwear	Flats	Women Black Embellished Open Toe Flats	Women's Footwear
Footwear	Heels	Women White Solid Ankle Loop Stiletto Heels	Women's Footwear
Footwear	Flats	Solid Mules with Bows Detail	Women's Footwear
Footwear	Heels	Gold-Toned Wedge Sandals	Women's Footwear
Footwear	Heels	Black Kitten Mules	Women's Footwear
Footwear	Heels	Pink PU Block Peep Toes with Bows	Women's Footwear
Footwear	Heels	Wedge Heels Pumps with Buckles	Women's Footwear
Footwear	Flats	Women Tan Solid Open Toe Flats	Women's Footwear
Footwear	Heels	Women Gold-Toned Solid Heels	Women's Footwear
Footwear	Flats	Women Blue Solid Open Toe Flats	Women's Footwear
Footwear	Flats	Women Solid One Toe Flats	Women's Footwear
Footwear	Heels	Women Brown Comfort Heels	Women's Footwear
Footwear	Flats	Women Sage Green & Cream-Colored Stone Embellished Ethnic Ballernas	Women's Footwear
Footwear	Flats	Women Beige & Coffee Brown Snakeskin Textured Ballerinas	Women's Footwear
Footwear	Heels	Block Heels	Women's Footwear
Footwear	Heels	Women Black Cross Strap Square Toe Kitten Heels	Women's Footwear
Footwear	Heels	Women Brown Solid Wedges	Women's Footwear
Footwear	Flats	Women Peach-Coloured Printed Open Toe Flats	Women's Footwear
Footwear	Flats	Women Printed T-Strap Flats	Women's Footwear
Footwear	Flats	Women Beige Printed Open Toe Flats with Bows	Women's Footwear
Footwear	Flats	Women Teal Open Toe Flats	Women's Footwear
Footwear	Flats	Women Black Textured One Toe Flats	Women's Footwear
Footwear	Flats	Women White Open Toe Flats	Women's Footwear
Footwear	Flats	Women Multicoloured Embellished Open Toe Flats	Women's Footwear
Footwear	Flats	Women Grey Solid Open Toe Flats	Women's Footwear
Footwear	Flats	Women Pink Solid Pointed Toe Ballerinas	Women's Footwear
Footwear	Heels	Block Heel Sandals	Women's Footwear
Footwear	Heels	Tan Block Mules	Women's Footwear
Footwear	Flats	Women Black One Toe Flats	Women's Footwear
Footwear	Flats	Women Gold-Toned Ethnic Embellished Open Toe Flats	Women's Footwear
Footwear	Flats	Women Champagne Textured Ballerinas with Tassels Flats	Women's Footwear
Footwear	Flats	Women Printed Open Toe Flats	Women's Footwear
Footwear	Flats	Women Neon Pink & Black Embellished Open Toe Flats	Women's Footwear
Footwear	Flats	Women Embellished Ethnic Mojaris	Women's Footwear
Footwear	Flats	Women Pink Printed Open Toe Flats	Women's Footwear
Footwear	Flats	Women Grey Embellished Mules	Women's Footwear
Footwear	Heels	Mustard Platform Peep Toes with Buckles	Women's Footwear
Footwear	Flats	Women Gold-Toned Printed Ballerinas Flats	Women's Footwear
Footwear	Flats	Women Tan Brown & Gold-Toned Colourblocked Open Toe Flats	Women's Footwear
Footwear	Heels	Grey Printed Block Heels	Women's Footwear
Footwear	Heels	White Solid Block Sandals	Women's Footwear
Footwear	Heels	Blue & Gold-Toned Woven Design Handcrafted Pumps	Women's Footwear
Footwear	Flats	Women Black Sandals	Women's Footwear
Footwear	Flats	Women Open Toe Flats	Women's Footwear
Footwear	Flats	Women Mustard Yellow Solid Open Toe Flats	Women's Footwear
Footwear	Heels	Blue Sandals	Women's Footwear
Footwear	Heels	Blue & Off White Printed Slim Heel Mules	Women's Footwear
Footwear	Heels	Gunmetal-Toned Wedge Heels	Women's Footwear
Footwear	Flats	Women Olive Green Colourblocked Mules Flats	Women's Footwear
Footwear	Flats	Women Beige & Black Printed Mules with Buckles	Women's Footwear
Footwear	Flats	Women Cream-Coloured T-Strap Open Toe Flats	Women's Footwear
Footwear	Heels	Black Embellished Wedge	Women's Footwear
Footwear	Flats	Women Grey & Pink Floral Embroidered Sequin Ethnic One Toe Flats	Women's Footwear
Footwear	Heels	Women Peach-Coloured Solid Wedges	Women's Footwear
Footwear	Heels	Women Black Suede Stiletto Pumps	Women's Footwear
Footwear	Heels	Silver-Toned Embellished Party Block Heels	Women's Footwear
Footwear	Flats	Women Mustard Yellow & Teal Blue Checked Handcrafted Mules	Women's Footwear
Footwear	Heels	Green PU Block Sandals	Women's Footwear
Footwear	Flats	Women Black One Toe Flats	Women's Footwear
Footwear	Flats	Women Leather Braided Handcrafted Kolhapuri one toe Flats	Women's Footwear
Footwear	Flats	Women Mustard Yellow & White Beaded Handcrafted Pointed Toe Flats	Women's Footwear
Footwear	Flats	Women Solid Ballerinas	Women's Footwear
Footwear	Heels	Maroon Embellished Ethnic Block Heels	Women's Footwear
Footwear	Flats	Woman Green Ballerinas with Bows Flats	Women's Footwear
Footwear	Heels	Mustard Textured Block Heels	Women's Footwear
Footwear	Flats	Women Multicoloured Woven Design Mojaris	Women's Footwear
Footwear	Flats	Women Gold-Toned Open Toe Flats with Bows	Women's Footwear
Footwear	Flats	Women Gunmetal-Toned Bows Flats	Women's Footwear
Footwear	Flats	Women Brown Braided Woven Design Criss-Cross Open Toe Flats	Women's Footwear
Footwear	Heels	Black Block Kittens	Women's Footwear
Footwear	Flats	Women Ballerinas Black Casual Flats	Women's Footwear
Footwear	Flats	Women Black Solid Ballerinas	Women's Footwear
Footwear	Heels	Lavender Textured Wedge Sandals	Women's Footwear
Footwear	Heels	Grey Platform Heels	Women's Footwear
Footwear	Flats	Women Black Embellished Open Toe Flats	Women's Footwear
Footwear	Heels	Black Suede Block Sandals	Women's Footwear
Footwear	Flats	Women Maroon Open Toe Flats with Laser Cuts	Women's Footwear
Footwear	Heels	Women Black Textured Party Block Heel Sandals	Women's Footwear
Footwear	Heels	Black & Grey Flatform Sandals	Women's Footwear
Footwear	Heels	Pink Textured Wedge Sandals	Women's Footwear
Footwear	Flats	Navy Blue Open Toe Flats	Women's Footwear
Footwear	Flats	Women Orange Embellished Ethnic Mojaris Flats	Women's Footwear
Footwear	Heels	Peach-Coloured Comfort Open Toe Heels	Women's Footwear
Footwear	Flats	Women Mustard Ballerinas Flats	Women's Footwear
Footwear	Flats	Women Green Transparent Open Toe Flats	Women's Footwear
Jewellery	Chains & Necklaces	Rose Gold & Silver-Toned Rhodium-Plated Necklace	Women's Jewellery
Jewellery	Earrings	Silver-Toned & Black Floral Drop Earrings	Women's Jewellery
Jewellery	Earrings	Gold-Toned & Green Contemporary Drop Earrings	Women's Jewellery
Jewellery	Rings	Oxidised Silver-Plated Adjustable Finger Ring	Women's Jewellery
Jewellery	Jewellery Sets	Women Gold-Plated Kundan Studded & Green Beaded Choker Jewellery Set	Women's Jewellery
Jewellery	Earrings	Gold-Plated Maroon Leaf Shaped Jhumkas Earrings	Women's Jewellery
Jewellery	Earrings	Women Gold Plated Green Geometric Drop Earrings	Women's Jewellery
Jewellery	Bangles & Bracelets	Women Silver-Toned & White Sterling Silver Topaz Rhodium-Plated Link Bracelet	Women's Jewellery
Jewellery	Earrings	Gold-Toned & Peach-Coloured Contemporary Drop Earrings	Women's Jewellery
Jewellery	Earrings	Black & Lime Green Resin Striped Contemporary Drop Earrings	Women's Jewellery
Jewellery	Bangles & Bracelets	Gold-Toned Metal Ring Bracelet	Women's Jewellery
Jewellery	Jewellery Sets	Silver-Plated Pink & Red AD Stone Studded Jewellery set	Women's Jewellery
Jewellery	Earrings	Gold & White Contemporary Drop Earrings	Women's Jewellery
Jewellery	Earrings	Gold-Plated White Stone & Pearls Studded Floral Drop Earrings	Women's Jewellery
Jewellery	Earrings	White & Gold-Plated Leaf Shaped Studs Earrings	Women's Jewellery
Jewellery	Earrings	Silver-Toned & Black Onyx Contemporary 925 Sterling Silver Drop Earrings	Women's Jewellery
Jewellery	Earrings	925 Sterling Silver & Purple Amethyst Floral Drop Earrings	Women's Jewellery
Jewellery	Rings	Gold-Toned & White Rhinestone Studded Alphabet L Finger Ring	Women's Jewellery
Jewellery	Earrings	Black & Red Geometric Drop Earrings	Women's Jewellery
Jewellery	Earrings	White & Gold-Plated Oxidised Contemporary Jhumkas Earrings	Women's Jewellery
Jewellery	Earrings	Rose Gold-Plated Cubic Zirconia-Studded Contemporary Bow Studs Earrings	Women's Jewellery
Jewellery	Chains & Necklaces	Silver-Plated Necklace	Women's Jewellery
Jewellery	Rings	Silver-Plated Stone Studded Oxidised Adjustable Finger Ring	Women's Jewellery
Jewellery	Chains & Necklaces	Blue Gold-Plated Beaded Evil Eye Detail Handcrafted Layered Necklace	Women's Jewellery
Jewellery	Jewellery Sets	Gold-Plated Kundan-Studded Maangtikka	Women's Jewellery
Jewellery	Bangles & Bracelets	Women Multicolor Beaded With Evil Eye Charmed Bracelet	Women's Jewellery
Jewellery	Jewellery Sets	Women Gold-Plated & Peach-Coloured Kundan & Pearl Embellished Matha Patti	Women's Jewellery
Jewellery	Earrings	Gold-Toned & White Contemporary Hoop Earrings	Women's Jewellery
Jewellery	Chains & Necklaces	Gold-Toned Rhinestone Studded Alphabet J Pendant with Chain	Women's Jewellery
Jewellery	Chains & Necklaces	Silver-Toned Rhodium-Plated 925 Sterling Silver Infinity Pendant With Chain	Women's Jewellery
Jewellery	Chains & Necklaces	Gold-toned Tribal Ghunghru Golden Necklace	Women's Jewellery
Jewellery	Earrings	Gold-Toned Contemporary Drop Earrings	Women's Jewellery
Jewellery	Earrings	Gold-Toned & Green Crescent Shaped Jhumkas Earrings	Women's Jewellery
Jewellery	Bangles & Bracelets	Women Gold-Toned Gold-Plated Link Bracelet	Women's Jewellery
Jewellery	Chains & Necklaces	Women Silver-Toned Oxidised Petal Shape Pendant Necklace	Women's Jewellery
Jewellery	Anklets	Silver-Toned & Black Beaded Diamond Charm Anklets	Women's Jewellery
Jewellery	Earrings	Green Gold Plated Meenakari Chandbali Earrings	Women's Jewellery
Jewellery	Jewellery Sets	Gold-Plated Pink Crystal Studded & Beaded Jewellery Set	Women's Jewellery
Jewellery	Earrings	Gold Plated Black Beaded White AD-Stone Studded Mangalsutra & Earrings Set	Women's Jewellery
Jewellery	Earrings	Black Beads & Gold-Plated Square Studs Earrings	Women's Jewellery
Jewellery	Earrings	Gold-Toned Contemporary Chandbalis	Women's Jewellery
Jewellery	Earrings	Blue Contemporary Jhumkas Earrings	Women's Jewellery
Jewellery	Mangalsutra	Women Black & Gold -Toned Gold-Plated & Black Beaded Kundan Mangalsutra	Women's Jewellery
Jewellery	Jewellery Sets	Rose Gold-Plated Green American Diamond Studded Handcrafted Floral Jewellery Set	Women's Jewellery
Jewellery	Earrings	Women Silver-Plated Dangling Zircon Diamond Drop Earrings	Women's Jewellery
Jewellery	Rings	Set Of 2 Silver Plated Designed Toe Ring	Women's Jewellery
Jewellery	Pendants	925 Sterling Silver Rose Gold Plated Meandering Heart Pendant	Women's Jewellery
Jewellery	Jewellery Sets	Gold-Plated & White Kundan Studded Jewellery Set	Women's Jewellery
Jewellery	Chains & Necklaces	Gold-Plated Green & Pink Kundan Studded & Beaded Necklace with Earring	Women's Jewellery
Jewellery	Bangles & Bracelets	Women Rose Gold & White Brass Cubic Zirconia Kada Bracelet Set of 2	Women's Jewellery
Jewellery	Earrings	Green & Red Gold-Plated Contemporary Studs Earrings	Women's Jewellery
Jewellery	Earrings	Off White & Silver-Toned Rhodium-Plated Beaded Half Hoop Earrings	Women's Jewellery
Jewellery	Earrings	Gold-Toned Leaf Shaped American Diamond Studs Earrings	Women's Jewellery
Jewellery	Chains & Necklaces	Gold-plated & Gold-Toned Pendant With Chain	Women's Jewellery
Jewellery	Bangles & Bracelets	Women White & Silver-Toned Bracelet	Women's Jewellery
Jewellery	Chains & Necklaces	Silver-Toned Rhodium-Plated CZ-Studded Handcrafted Necklace	Women's Jewellery
Jewellery	Rings	Rose Gold-Plated White Stone Studded Finger Ring	Women's Jewellery
Jewellery	Earrings	Silver-Plated CZ-Studded & Pearls Circular White Contemporary Studs Earrings	Women's Jewellery
Jewellery	Jewellery Sets	Gold-Toned & Maroon Pearl Studded Temple Jewellery Set	Women's Jewellery
Jewellery	Chains & Necklaces	Set Of 2 Gold-Plated Layered Butterfly Pendant Necklace	Women's Jewellery
Jewellery	Earrings	Pink Gold Plated Contemporary Studs Earrings	Women's Jewellery
Jewellery	Earrings	Red Gold Plated Enamelled Contemporary Chandbalis Earrings	Women's Jewellery
Jewellery	Jewellery Sets	Women Gold-Toned & White Kundan & Pearl Embellished Jewellery Set	Women's Jewellery
Jewellery	Rings	Rhodium-Plated White Kundan-Studded Finger Ring	Women's Jewellery
Jewellery	Rings	Gold Plated 925 Sterling Silver Floral Finger Ring	Women's Jewellery
Jewellery	Earrings	Multicoloured Leaf Shaped Drop Earrings	Women's Jewellery
Jewellery	Earrings	Contemporary Drop Earrings	Women's Jewellery
Jewellery	Earrings	Silver-Toned Circular Hoop Earrings	Women's Jewellery
Jewellery	Pendants	Gold-Plated White Stone-Studded Pendant	Women's Jewellery
Jewellery	Jewellery Sets	Gold-Plated Stone Studded & Beaded Jewellery Set	Women's Jewellery
Jewellery	Rings	Rhodium-Plated 925 Sterling Silver Stone Studded Finger Ring	Women's Jewellery
Jewellery	Mangalsutra	Women Gold Plated Beaded Mangalsutra	Women's Jewellery
Jewellery	Earrings	Women Pastel Pop Mixed Shapes Gem Short Drop Earrings	Women's Jewellery
Jewellery	Earrings	Silver-Plated Floral German Studs Earrings	Women's Jewellery
Jewellery	Earrings	Gold-Plated Floral Jhumkas Earrings	Women's Jewellery
Jewellery	Chains & Necklaces	Women White & Gold-Toned Kundan Beaded Necklace Set	Women's Jewellery
Jewellery	Nosepins & Noserings	Gold-Toned White & Red Stone-Studded & Pearl Beaded Nosepin	Women's Jewellery
Jewellery	Earrings	Off-White & Pink Enamel Kundan Jhumkas with Pearls	Women's Jewellery
Jewellery	Earrings	Silver-Toned Set of 2 Studded Studs Earrings & Ear Cuffs	Women's Jewellery
Jewellery	Earrings	Silver-Toned Geometric Oxidised Drop Earrings	Women's Jewellery
Jewellery	Chains & Necklaces	Gold Plated Designer Necklace & Earring Set	Women's Jewellery
Jewellery	Bangles & Bracelets	Women Silver-Toned Silver-Plated Bangle-Style Bracelet	Women's Jewellery
Jewellery	Bangles & Bracelets	Oxidised Silver-Toned Elephant Shaped Ethnic Charm Bracelet	Women's Jewellery
Jewellery	Earrings	Set of 6 Earrings	Women's Jewellery
Jewellery	Chains & Necklaces	Silver-Plated & Red Oxidized Choker Necklace	Women's Jewellery
Jewellery	Earrings	Gold-Toned & White Spherical Studs Earrings	Women's Jewellery
Jewellery	Jewellery Sets	Gold-Plated & Beige Kundan-Studded & Beaded Traditional Jewellery Set	Women's Jewellery
Jewellery	Chains & Necklaces	Brown & Gold-Toned Afghan Necklace	Women's Jewellery
Jewellery	Jewellery Sets	Gold-Plated Blue Kundan Polki Jewellery Set	Women's Jewellery
Jewellery	Bangles & Bracelets	Women Brass Cubic Zirconia Gold-Plated Charm Bracelet	Women's Jewellery
Jewellery	Rings	925 Sterling Silver Cubic Zirconia Statement Ring	Women's Jewellery
Jewellery	Rings	Gold-Plated & White Studded Handcrafted Finger Ring	Women's Jewellery
Jewellery	Chains & Necklaces	Rose Gold-Plated & Pink Brass Evil Eye Pendant Necklace	Women's Jewellery
Jewellery	Earrings	Rose Gold Plated Contemporary Drop Earrings	Women's Jewellery
Jewellery	Rings	Women Silver-Plated & Pink CZ-Studded Finger Ring	Women's Jewellery
Jewellery	Chains & Necklaces	Multi-Coloured Oxidised Handcrafted Necklace	Women's Jewellery
Jewellery	Earrings	Silver-Toned Circular Hoop Earrings	Women's Jewellery
Jewellery	Jewellery Sets	Gold-Plated Grey AD Studded & Beaded Jewellery Set	Women's Jewellery
Jewellery	Earrings	Pink Thread Detailed Circular Half Hoop Earrings	Women's Jewellery
Jewellery	Mangalsutra	Woman Set Of 3 Multi-Colour One Gram Gold Plated Mangalsutra	Women's Jewellery
Girl's Clothing	Dresses	Pink Checked Dress	Kid's Apparel
Boy's Clothing	Track Pants & Pyjamas	Boys Charcoal & Black Printed Track Pants	Kid's Apparel
Boy's Clothing	Clothing Sets	Boys Set Of 2 Multicoloured Printed Pure Cotton T-shirt with Shorts	Kid's Apparel
Boy's Clothing	Jacket, Sweater & Sweatshirts	Boys Grey Printed Cardigan Sweater	Kid's Apparel
Boy's Clothing	Ethnic Wear	Boys Beige Blue Solid Kurta Set	Kid's Apparel
Girl's Clothing	Jacket, Sweater & Sweatshirts	Unisex Kids Blue & Mustard Yellow Colourblocked Pullover	Kid's Apparel
Girl's Clothing	Dresses	Girls Red Floral Layered Net Dress	Kid's Apparel
Girl's Clothing	Nightwear & Loungewear	Girls Grey & White Night suit	Kid's Apparel
Girl's Clothing	Clothing Sets	Unisex Kids Red Printed Clothing Set	Kid's Apparel
Girl's Clothing	Dresses	Red Corduroy Cotton Collared Shirt Dress	Kid's Apparel
Boy's Clothing	Clothing Sets	Boys Red & Grey Melange Printed T-shirt with Trouser Set	Kid's Apparel
Boy's Clothing	Clothing Sets	Boys Pop It Fleece Sweatshirt With Joggers	Kid's Apparel
Girl's Clothing	Dresses	Purple Floral Peter Pan Collar Crepe Dress	Kid's Apparel
Boy's Clothing	Clothing Sets	Boys Blue & White Pure Cotton Typography Printed T-shirt with Pyjama	Kid's Apparel
Boy's Clothing	Ethnic Wear	Boys Printed Pure Cotton Kurta with Pyjamas & Jacket	Kid's Apparel
Boy's Clothing	Track Pants & Pyjamas	Boys Navy Blue Solid Joggers	Kid's Apparel
Boy's Clothing	Trousers	Boys Black Chinos Trouser	Kid's Apparel
Boy's Clothing	Track Pants & Pyjamas	Boys Navy Blue & White Solid Joggers with Striped Detail	Kid's Apparel
Boy's Clothing	Track Pants & Pyjamas	Boys Yellow & White San 75 Diedo Printed Straight-Fit Pure Cotton Track Pants	Kid's Apparel
Girl's Clothing	Jacket, Sweater & Sweatshirts	Unisex Kids Pink & White Self Design Cardigan Sweater	Kid's Apparel
Boy's Clothing	T-Shirts	Boys White Printed Round Neck T-shirt	Kid's Apparel
Girl's Clothing	Shirts	Kids Printed T-shirt	Kid's Apparel
Boy's Clothing	Track Pants & Pyjamas	Boys Navy Blue & White Typography Printed Pure Cotton Straight-Fit Track Pants	Kid's Apparel
Boy's Clothing	Jacket, Sweater & Sweatshirts	Boys Blue & Yellow Colorblocked Hooded Sweatshirt	Kid's Apparel
Boy's Clothing	Ethnic Wear	Boys Yellow Woven Design Slim-Fit Nehru Jacket	Kid's Apparel
Girl's Clothing	Dresses	Girls Floral Net Hi- Low Fit & Flare Dress	Kid's Apparel
Girl's Clothing	Shirts	Max Infant Girls Green Pure Cotton Ruffles Top	Kid's Apparel
Girl's Clothing	Shirts	Kids Mickey Mouse Printed Cotton T-shirt	Kid's Apparel
Girl's Clothing	Shirts	Girls Yellow Printed Round Neck T-shirt	Kid's Apparel
Boy's Clothing	Ethnic Wear	Boys Floral Printed Kurta with Dhoti Pants	Kid's Apparel
Boy's Clothing	Shorts	Unisex Kids Blue Denim Outdoor Elasticated Waist Denim Shorts	Kid's Apparel
Boy's Clothing	Track Pants & Pyjamas	Kids Grey Solid Joggers	Kid's Apparel
Boy's Clothing	Track Pants & Pyjamas	Boys Navy Blue Solid Pure Cotton Relaxed-Fit Track Pants	Kid's Apparel
Boy's Clothing	Clothing Sets	Boys Blue & White Shirt with Dhoti	Kid's Apparel
Boy's Clothing	T-Shirts	Boys White Striped T-shirt	Kid's Apparel
Girl's Clothing	Clothing Sets	Kids Red & Yellow Printed Pure Cotton T-shirt with Pyjamas	Kid's Apparel
Girl's Clothing	Nightwear & Loungewear	Girls Pink & White Printed Pure Cotton Night suit	Kid's Apparel
Boy's Clothing	Clothing Sets	Boys Yellow & Navy Blue Snoopy Print T-shirt with Shorts	Kid's Apparel
Girl's Clothing	Shirts	Girls Peach-Coloured Printed Cotton T-shirt	Kid's Apparel
Girl's Clothing	Dresses	Girls Teal Tie-Up Neck Printed Dress	Kid's Apparel
Girl's Clothing	Dresses	Pink Embellished Net Dress	Kid's Apparel
Girl's Clothing	Dresses	A T U N White & Red Striped Dress	Kid's Apparel
Boy's Clothing	Track Pants & Pyjamas	Unisex Kids Grey & Black Pack of 2 Solid Track Pants	Kid's Apparel
Boy's Clothing	Track Pants & Pyjamas	Boys Charcoal Grey Solid Pure Cotton Lounge Pants	Kid's Apparel
Boy's Clothing	Track Pants & Pyjamas	Boys Pack Of 2 Solid Track Pants	Kid's Apparel
Boy's Clothing	Track Pants & Pyjamas	Boys Black Solid Regular Fit Mid Rise Cotton Track Pant	Kid's Apparel
Boy's Clothing	Ethnic Wear	Boys Striped Pure Silk Kurta With Pyjamas	Kid's Apparel
Girl's Clothing	Dresses	Girls Colourblocked Net Fit and Flare Dress	Kid's Apparel
Girl's Clothing	Shirts	Girls Pink Silver Brand Logo Sequinned Round Neck Pure Cotton T-shirt	Kid's Apparel
Boy's Clothing	Track Pants & Pyjamas	Boys Mid-Rise Track Pants	Kid's Apparel
Boy's Clothing	Clothing Sets	Boys Yellow & Navy Blue Printed Pure Cotton T-shirt with Joggers	Kid's Apparel
Boy's Clothing	Track Pants & Pyjamas	Boys Red & Blue Printed Pure Cotton Relaxed-Fit Track Pant	Kid's Apparel
Girl's Clothing	Shirts	Girls Embellished Top	Kid's Apparel
Boy's Clothing	Track Pants & Pyjamas	Boys Green Solid Cotton Joggers	Kid's Apparel
Girl's Clothing	Jacket, Sweater & Sweatshirts	Unisex Kids Sea Green & Off White Striped Cardigan	Kid's Apparel
Boy's Clothing	Ethnic Wear	Boys Set of 3 Multicolored Thread Rakhi	Kid's Apparel
Boy's Clothing	Clothing Sets	Boys Green & Black Printed T-shirt with Shorts	Kid's Apparel
Boy's Clothing	Track Pants & Pyjamas	Kids Boys Yellow & Red Striped Joggers	Kid's Apparel
Girl's Clothing	Jeans, Trousers & Capris	Girls Black Brand Logo Side Taped Track Pants	Kid's Apparel
Boy's Clothing	Track Pants & Pyjamas	Boys Navy Blue Solid Cotton Joggers	Kid's Apparel
Boy's Clothing	Ethnic Wear	Boys Yellow & Pink Printed Kediyu	Kid's Apparel
Boy's Clothing	Track Pants & Pyjamas	Boys Printed Cotton Jogger	Kid's Apparel
Boy's Clothing	Ethnic Wear	Boys Green Ethnic Motifs Printed Angrakha Chikankari Pure Cotton Kurta with Pyjamas	Kid's Apparel
Girl's Clothing	Shirts	Girls Purple T-shirt	Kid's Apparel
Girl's Clothing	Shirts	Girls Orange Printed Round Neck T-shirt	Kid's Apparel
Girl's Clothing	Shorts & Skirts	Girls Blue & White Self Design Regular Fit Regular Shorts	Kid's Apparel
Boy's Clothing	Track Pants & Pyjamas	Boys Navy Blue Solid Cotton Track Pants	Kid's Apparel
Boy's Clothing	Ethnic Wear	Black And Maroon Black Kurti with Patiala	Kid's Apparel
Boy's Clothing	T-Shirts	Boys Blue & White Printed T-shirt	Kid's Apparel
Girl's Clothing	Dresses	Girls Maroon Solid Fit and Flare Dress	Kid's Apparel
Boy's Clothing	Jacket, Sweater & Sweatshirts	Boys Off White Printed POPCORN Cotton Sweatshirt	Kid's Apparel
Boy's Clothing	Track Pants & Pyjamas	Boys Navy Blue Printed Jogger	Kid's Apparel
Girl's Clothing	Innerwear & Thermals	Kids Pack Of 3 Solid Thermal Tops	Kid's Apparel
Boy's Clothing	Ethnic Wear	Boys Yellow Kurta with Trousers	Kid's Apparel
Boy's Clothing	Ethnic Wear	Kids Green Printed Pure Cotton Kurta with Pyjamas	Kid's Apparel
Boy's Clothing	Ethnic Wear	Boys Brown Floral Printed Kurta with Pyjama	Kid's Apparel
Girl's Clothing	Clothing Sets	Girls Pink & White Printed Cotton Top with Skirt	Kid's Apparel
Girl's Clothing	Nightwear & Loungewear	Girls Blue & Green Printed Pure Cotton Night Suit	Kid's Apparel
Boy's Clothing	Shorts	Boys Peach-Coloured Colourblocked Pure Cotton Shorts	Kid's Apparel
Boy's Clothing	Clothing Sets	Plan B Boys Lime Green & Grey Printed Co-ords	Kid's Apparel
Girl's Clothing	Shorts & Skirts	Girls Fuchsia Cotton Low-Rise Shorts	Kid's Apparel
Boy's Clothing	Clothing Sets	Boys Mustard 3-Piece Clothing Set	Kid's Apparel
Girl's Clothing	Clothing Sets	Unisex Kids Green & Black T-shirt with Pyjamas	Kid's Apparel
Girl's Clothing	Dresses	Black & Green Applique Lace Dress	Kid's Apparel
Girl's Clothing	Shirts	Girls 2-Pack Cotton Jersey Tops	Kid's Apparel
Boy's Clothing	T-Shirts	Boys Maroon Long Sleeve Cotton T-shirt	Kid's Apparel
Boy's Clothing	Track Pants & Pyjamas	Boys Blue Printed Cotton Joggers	Kid's Apparel
Girl's Clothing	Tights & Leggings	Infants Girls Green Solid Cotton Ankle-Length Leggings	Kid's Apparel
Boy's Clothing	Track Pants & Pyjamas	Boys Brown Solid Joggers	Kid's Apparel
Boy's Clothing	Innerwear & Thermals	Boys Pack of 4 Assorted Printed Cotton Trunk	Kid's Apparel
Boy's Clothing	Jeans	Boys Blue Slim Fit Low Distress Light Fade Jeans	Kid's Apparel
Girl's Clothing	Dresses	girl Red Embellished Satin Maxi Dress	Kid's Apparel
Girl's Clothing	Dresses	White Floral Net Dress	Kid's Apparel
Girl's Clothing	Clothing Sets	Girls Maroon & Navy Blue Printed Pure Cotton Top with Pyjamas	Kid's Apparel
Girl's Clothing	Dresses	Crepe Dress	Kid's Apparel
Girl's Clothing	Dresses	Multicoloured Striped Dress	Kid's Apparel
Boy's Clothing	Track Pants & Pyjamas	Boys Black Camouflage Printed Cotton Track Pants	Kid's Apparel
Boy's Clothing	Clothing Sets	Boys Navy Blue Printed Pure Cotton T-shirt with Shorts	Kid's Apparel
Boy's Clothing	Clothing Sets	Boys Orange & White Printed Top with Pyjamas	Kid's Apparel
Girl's Clothing	Jacket, Sweater & Sweatshirts	Unisex Kids Pink & White Humour and Comic Pullover	Kid's Apparel
Footwear	Sports Shoes	Men Black VARSITY COMPETE TR 3 Training Shoes	Men's Footwear
Footwear	Sports Shoes	Men Black Running Shoes	Men's Footwear
Footwear	Sports Shoes	Men Skateboarding Non-Marking Shoes	Men's Footwear
Footwear	Sports Shoes	Men Blue Textile Running Non-Marking Shoes	Men's Footwear
Footwear	Casual Shoes	Men Brown & Beige Comfort Sandals	Men's Footwear
Footwear	Sports Shoes	Men Grey Walking Non-Marking Shoes	Men's Footwear
Footwear	Sports Shoes	Men Black Textile Running Non-Marking Shoes	Men's Footwear
Footwear	Sports Shoes	Men Mesh Walking Shoes	Men's Footwear
Footwear	Sports Shoes	Men Orange Cricket Non-Marking Sports Shoes	Men's Footwear
Footwear	Sports Shoes	Men Blue Mesh Running Shoes	Men's Footwear
Footwear	Sports Shoes	Men Black Self Checked HOVR Sonic SE Running Shoes	Men's Footwear
Footwear	Sports Shoes	Men Woven Design Roav V1 Running Shoes	Men's Footwear
Footwear	Sports Shoes	Men Lace-Up Mid-Top Off White Mesh Walking Shoes	Men's Footwear
Footwear	Sports Shoes	Men Black Woven Design Adi Ace Running Shoes	Men's Footwear
Footwear	Sports Shoes	Men Black Running Shoes	Men's Footwear
Footwear	Sports Shoes	Men Grey Mesh Running Shoes	Men's Footwear
Footwear	Sports Shoes	Men Blue Mesh Walking Non-Marking Shoes	Men's Footwear
Footwear	Casual Shoes	Men Black Solid Leather One-Toe Sandals	Men's Footwear
Footwear	Sports Shoes	Men Navy Blue & White Printed Daily 3.0 Skateboarding Shoes	Men's Footwear
Footwear	Sports Shoes	Men Grey Mesh Running Non-Marking Shoes	Men's Footwear
Footwear	Sports Shoes	Men Black Textile Running Non-Marking Shoes	Men's Footwear
Footwear	Sports Shoes	Men Maroon Core Sports Shoe	Men's Footwear
Footwear	Casual Shoes	Men Beige Ethnic Comfort Sandals	Men's Footwear
Footwear	Sports Shoes	Men White Mesh Running Non-Marking Sports Shoes	Men's Footwear
Footwear	Sports Shoes	Men Blue GEL-PULSE 13 Sports Shoes	Men's Footwear
Footwear	Casual Shoes	Men Brown Leather Fisherman Sandals	Men's Footwear
Footwear	Sports Shoes	Men Grey & Black STRIX M Mesh Round Toe Running Shoes	Men's Footwear
Footwear	Sports Shoes	Men Navy Blue & Mustard Yellow Woven Upper Ealing Running Shoes	Men's Footwear
Footwear	Sports Shoes	Men Grey Mesh Walking Shoes	Men's Footwear
Footwear	Sports Shoes	Men Grey Woven Design Wonder Flex Walking Shoes	Men's Footwear
Footwear	Sports Shoes	Men Green Mesh Running Shoes	Men's Footwear
Footwear	Sports Shoes	Men Navy Blue Mesh Running Shoes	Men's Footwear
Footwear	Sports Shoes	Men Black Running Shoes	Men's Footwear
Footwear	Sports Shoes	Men Black Running Shoes	Men's Footwear
Footwear	Sports Shoes	Men White Mesh Cricket Shoes	Men's Footwear
Footwear	Sports Shoes	Men Black Softride Fly Walking Shoes	Men's Footwear
Footwear	Sports Shoes	Men Grey Textile Running Non-Marking Shoes	Men's Footwear
Footwear	Sports Shoes	Men Maroon Mesh Running Non-Marking Shoes	Men's Footwear
Footwear	Sports Shoes	Men Black Leather High-Top Trekking Shoes	Men's Footwear
Footwear	Casual Shoes	Men Brown Leather Comfort Sandals	Men's Footwear
Footwear	Sports Shoes	Unisex Black NRGY Rupture Running Shoes	Men's Footwear
Footwear	Sports Shoes	Men Grey Mesh Running Non-Marking Shoes	Men's Footwear
Footwear	Sports Shoes	Men Blue Mesh Running Shoes	Men's Footwear
Footwear	Sports Shoes	Men GEL-Quantum 360 VII Training or Gym Non-Marking Shoes	Men's Footwear
Footwear	Sports Shoes	Men Blue Running Non-Marking Shoes	Men's Footwear
Footwear	Sports Shoes	Men Black Wynberg Walking Shoes	Men's Footwear
Footwear	Sports Shoes	Men Maroon Mesh Running Non-Marking Shoes	Men's Footwear
Footwear	Sports Shoes	SX0414G Men Grey Mesh Running Shoes	Men's Footwear
Footwear	Sports Shoes	Men Grey Mesh Running Shoes	Men's Footwear
Footwear	Sports Shoes	Men Black Solid Walking Shoes	Men's Footwear
Footwear	Sports Shoes	Men Grey Mesh Running Non-Marking Shoes	Men's Footwear
Footwear	Sports Shoes	Men Navy Blue Rapido III Football Shoes	Men's Footwear
Footwear	Sports Shoes	Men Blue Solid Running Shoes	Men's Footwear
Footwear	Sports Shoes	Men Grey Mesh Walking Non-Marking Shoes	Men's Footwear
Footwear	Sports Shoes	U S Polo Assn Men Black CRESK Walking Shoes	Men's Footwear
Footwear	Casual Shoes	Men Black & Red Solid Sports Sandals	Men's Footwear
Footwear	Sports Shoes	Men Blue Mesh Running Shoes	Men's Footwear
Footwear	Sports Shoes	Men Mesh Running Non-Marking Shoes	Men's Footwear
Footwear	Sports Shoes	Men Navy Blue Woven Design Sports Shoes	Men's Footwear
Footwear	Casual Shoes	Men Brown Leather Fisherman Sandals	Men's Footwear
Footwear	Casual Shoes	Men Black & Blue Camouflage Print Comfort Sandals	Men's Footwear
Footwear	Sports Shoes	Men Black Mesh Running Non-Marking Sports Shoes	Men's Footwear
Footwear	Sports Shoes	Men Lace-Ups Mesh Running Sports Shoes	Men's Footwear
Footwear	Sports Shoes	Men Navy Blue Sun Mesh Running Shoes	Men's Footwear
Footwear	Casual Shoes	Men Black Leather Comfort Sandals	Men's Footwear
Footwear	Sports Shoes	Men Navy Blue Mesh Running Non-Marking Shoes	Men's Footwear
Footwear	Sports Shoes	Men Blue Out Back Outdoor Shoes	Men's Footwear
Footwear	Casual Shoes	Men Black Leather Comfort Sandals	Men's Footwear
Footwear	Sports Shoes	Men Black & Red Mesh Running Non-Marking Sports Shoes	Men's Footwear
Footwear	Sports Shoes	Men White Mesh Running Shoes	Men's Footwear
Footwear	Sports Shoes	Men Navy Blue Mesh Running Shoes	Men's Footwear
Footwear	Sports Shoes	Men Black & Blue Woven Design Gel Glyde 3 Running Shoes	Men's Footwear
Footwear	Sports Shoes	One8 x PUMA Unisex Black Textile Virat Kohli Fuse 2.0 Camo Training Shoes	Men's Footwear
Footwear	Sports Shoes	U S Polo Assn Men White Textile Walking Shoes	Men's Footwear
Footwear	Sports Shoes	Men White Running Non-Marking Shoes	Men's Footwear
Footwear	Sports Shoes	Men Black & Grey Woven Design Flexagon Energy 4 Training Shoes	Men's Footwear
Footwear	Casual Shoes	Men Grey Milano Stone Coin Regular Sandals	Men's Footwear
Footwear	Sports Shoes	Men Navy Blue & Grey Running Shoes	Men's Footwear
Footwear	Casual Shoes	Men Blue Leather Comfort Sandals	Men's Footwear
Footwear	Sports Shoes	Men Blue Mesh Walking Non-Marking Shoes	Men's Footwear
Footwear	Sports Shoes	Men Maroon Softride Rift Knit Walking Shoes	Men's Footwear
Footwear	Casual Shoes	Men Tan Sandals	Men's Footwear
Footwear	Sports Shoes	Men Blue Running Shoes	Men's Footwear
Footwear	Sports Shoes	Men Blue Running Shoes	Men's Footwear
Footwear	Casual Shoes	Men Tan Comfort Sandals	Men's Footwear
Footwear	Sports Shoes	Men Navy Blue Mesh Printed Running Shoes	Men's Footwear
Footwear	Sports Shoes	Men Walking Shoes	Men's Footwear
Footwear	Sports Shoes	Men White & Black Woven Design Perforated Ligra 7 M Training Shoes	Men's Footwear
Footwear	Sports Shoes	Unisex Black & White Woven Design Show The Way 2.0 Sustainable Running Shoes	Men's Footwear
Footwear	Casual Shoes	Men Maroon Solid Comfort Sandals	Men's Footwear
Footwear	Sports Shoes	Men Blue Mesh Running Non-Marking Shoes	Men's Footwear
Footwear	Casual Shoes	Brown Shoe-Style Sandals	Men's Footwear
Footwear	Sports Shoes	Men White Fuse Textile Training Shoes	Men's Footwear
Footwear	Casual Shoes	Men Brown & Tan Leather Comfort Sandals	Men's Footwear
Footwear	Casual Shoes	Men Black Leather Shoe-Style Sandals	Men's Footwear
Footwear	Sports Shoes	Unisex Blue Twitch Runner Shoes	Men's Footwear
Footwear	Casual Shoes	Men Black Clogs	Men's Footwear
Footwear	Sports Shoes	Men Black Mesh Running Sports Shoes	Men's Footwear
Footwear	Sports Shoes	U S Polo Assn Men Black Textile Walking Shoes	Men's Footwear
Footwear	Sports Shoes	Men Running Non-Marking Shoes	Men's Footwear
Infant's Wear	Sweatshirt & Jackets	Boys Grey Melange Printed Sweatshirt	Infants Apparel
Infant's Wear	Sweatshirt & Jackets	Kids Navy Blue Printed Hooded Sweatshirt	Infants Apparel
Infant's Wear	Innerwear & Sleepwear	Kids Infant Pack Of 3 Assorted Sleeveless Cotton Jhablas	Infants Apparel
Infant's Wear	Sweatshirt & Jackets	Boys Blue Printed Pure Cotton Sweatshirt	Infants Apparel
Infant's Wear	Frocks, Dresses & Skirts	White Floral A-Line Dress	Infants Apparel
Infant's Wear	Clothing Sets	Boys Olive Green & Pink Pure Cotton T-shirt with Shorts	Infants Apparel
Infant's Wear	Frocks, Dresses & Skirts	Turquoise Blue & Yellow Floral Georgette A-Line Dress with Headband	Infants Apparel
Infant's Wear	Rompers & Body Suits	Cherrytoes Baby Turquoise Blue Zip Sleepsuit	Infants Apparel
Infant's Wear	Frocks, Dresses & Skirts	Kids-Girls Multicoloured Striped Round Neck Fit & Flaire Ethnic Dress	Infants Apparel
Infant's Wear	Leggings & Pajamas	Girls Beige Printed Cotton Lounge Pants	Infants Apparel
Infant's Wear	Innerwear & Sleepwear	Boys Mustard Yellow Ribbed Pyjamas Set	Infants Apparel
Infant's Wear	Sweatshirt & Jackets	Boys Red Sweatshirt	Infants Apparel
Infant's Wear	Sweatshirt & Jackets	Girls Pink Puffer Jacket	Infants Apparel
Infant's Wear	Shorts & Skirts	Girls Pink and Black Mid-Rise Regular Shorts	Infants Apparel
Infant's Wear	Frocks, Dresses & Skirts	Infant Girls Blue & Lime Green Elephant Print Pure Cotton Shift Dress	Infants Apparel
Infant's Wear	Clothing Sets	Unisex Kids Mustard & Black Printed Top with Pyjamas	Infants Apparel
Infant's Wear	Shirts, T-Shirts & Tops	Graphic Printed Cotton Top	Infants Apparel
Infant's Wear	Frocks, Dresses & Skirts	Girls Orange Printed A-Line Dress With Headband	Infants Apparel
Infant's Wear	Clothing Sets	Unisex Kids Red & Grey Self Design T-shirt with Pyjama	Infants Apparel
Infant's Wear	Rompers & Body Suits	Unisex Kids Pack Of 2 Blue & White Printed Bamboo Rompers	Infants Apparel
Infant's Wear	Clothing Sets	Unisex Kids Yellow & Rust Printed Pack Of 2 Pure Cotton T-shirt with Pyjamas	Infants Apparel
Infant's Wear	Rompers & Body Suits	Infant Girls Yellow & White Graphic Print Rompers with Floral Embroidery Detail	Infants Apparel
Infant's Wear	Shirts, T-Shirts & Tops	Girls Blue Mickey Mouse Printed Cotton T-shirt	Infants Apparel
Infant's Wear	Leggings & Pajamas	Red Solid Regular Fit Treggings	Infants Apparel
Infant's Wear	Leggings & Pajamas	Infant Girls Pack Of 3 Pure Cotton Ankle-Length Leggings	Infants Apparel
Infant's Wear	Rompers & Body Suits	Infant Boys Set Of 3 Pure Cotton Sleepsuits	Infants Apparel
Infant's Wear	Shorts & Skirts	Girls Blue Mid-Rise Schiffli Floral Regular Shorts	Infants Apparel
Infant's Wear	Leggings & Pajamas	Boys Orange Solid Joggers	Infants Apparel
Infant's Wear	Rompers & Body Suits	Infant White & Beige Printed Organic Cotton Sleepsuit	Infants Apparel
Infant's Wear	Winter Wear	Unisex Baby Full Sleeves Sweater with Hoodie	Infants Apparel
Infant's Wear	Frocks, Dresses & Skirts	Girls Pink Colourblock Striped Dress	Infants Apparel
Infant's Wear	Rompers & Body Suits	Kids Blue & White Printed Pure Cotton Rompers	Infants Apparel
Infant's Wear	Clothing Sets	Boys Yellow & Grey Shark Hoodie Jogger Set	Infants Apparel
Infant's Wear	Shirts, T-Shirts & Tops	Girls Blue Printed High Neck Pure Cotton T-shirt	Infants Apparel
Infant's Wear	Rompers & Body Suits	Bodycare Boys Red Striped Cotton Sleepsuits	Infants Apparel
Infant's Wear	Shirts, T-Shirts & Tops	Girls Blue & Pink Floral Embroidered Top	Infants Apparel
Infant's Wear	Leggings & Pajamas	Girls Pure Cotton Ankle-Length Leggings	Infants Apparel
Infant's Wear	Innerwear & Sleepwear	Kids Peach-Coloured & Red Floral Printed Pure Cotton Night suit	Infants Apparel
Infant's Wear	Rompers & Body Suits	Kids Green & White Printed Cotton Rompers	Infants Apparel
Infant's Wear	Leggings & Pajamas	Boys Yellow Solid Cotton Joggers	Infants Apparel
Infant's Wear	Clothing Sets	Girls Printed Pure Cotton Top with Shorts	Infants Apparel
Infant's Wear	Leggings & Pajamas	Boys Pack Of 3 Track Pants	Infants Apparel
Infant's Wear	Clothing Sets	Boys Orange & Blue Pure Cotton T-shirt with Shorts	Infants Apparel
Infant's Wear	Frocks, Dresses & Skirts	Net Dress	Infants Apparel
Infant's Wear	Clothing Sets	Unisex Kids White & Green Printed Top with Pyjamas	Infants Apparel
Infant's Wear	Innerwear & Sleepwear	Kids Off-White Solid Thermal Set	Infants Apparel
Infant's Wear	Rompers & Body Suits	Kids Black Printed Cotton Romper	Infants Apparel
Infant's Wear	Clothing Sets	Boys Navy Blue & Black Striped Pure Cotton T-shirt with Shorts	Infants Apparel
Infant's Wear	Frocks, Dresses & Skirts	Girls Navy Blue Fit and Flare Dress	Infants Apparel
Infant's Wear	Rompers & Body Suits	Creative Infant Girls Cotton Printed Romper	Infants Apparel
Infant's Wear	Rompers & Body Suits	Infant Boys Red Printed Pure Cotton Rompers	Infants Apparel
Infant's Wear	Leggings & Pajamas	Boys Blue Solid Pure Cotton Joggers	Infants Apparel
Infant's Wear	Frocks, Dresses & Skirts	Green Satin Dress	Infants Apparel
Infant's Wear	Shorts & Skirts	Girls Red Printed Regular Shorts	Infants Apparel
Infant's Wear	Shirts, T-Shirts & Tops	Boys Orange High Neck T-shirt	Infants Apparel
Infant's Wear	Shirts, T-Shirts & Tops	Yellow & Black Pure Cotton Print Top	Infants Apparel
Infant's Wear	Innerwear & Sleepwear	Infant Boys Pink Solid Sleeveless Thermal Set	Infants Apparel
Infant's Wear	Rompers & Body Suits	Infant Boys Pack Of 2 Printed Pure Organic Cotton Rompers	Infants Apparel
Infant's Wear	Leggings & Pajamas	Girls Peach & Pink Pack Of 2 Printed Leggings	Infants Apparel
Infant's Wear	Frocks, Dresses & Skirts	Maroon Satin Dress	Infants Apparel
Infant's Wear	Shorts & Skirts	Pink & White 2-Pack Cotton Shorts	Infants Apparel
Infant's Wear	Rompers & Body Suits	Cocoon Care Infant Kids Navy Blue Solid Sleepsuit	Infants Apparel
Infant's Wear	Leggings & Pajamas	Boys Black & Yellow Printed Lounge Pants	Infants Apparel
Infant's Wear	Sweatshirt & Jackets	Infant Boys Navy Blue & Mustard Lion Patterned Detail Pullover	Infants Apparel
Infant's Wear	Leggings & Pajamas	Boys Pack of 3 Cotton Track Pants	Infants Apparel
Infant's Wear	Clothing Sets	Unisex Kids White Printed T-shirt with Shorts	Infants Apparel
Infant's Wear	Leggings & Pajamas	Boys Yellow Solid Pure Cotton Regular Fit Joggers	Infants Apparel
Infant's Wear	Innerwear & Sleepwear	Unisex Kids White & Blue Printed Night suit	Infants Apparel
Infant's Wear	Innerwear & Sleepwear	Infant Boys Grey & Navy Blue Printed Night suit	Infants Apparel
Infant's Wear	Shirts, T-Shirts & Tops	Boys Printed T-shirt	Infants Apparel
Infant's Wear	Frocks, Dresses & Skirts	Pink A-Line Dress	Infants Apparel
Infant's Wear	Rompers & Body Suits	Infant Girls White & Purple Pack Of 2 Printed Cotton Rompers	Infants Apparel
Infant's Wear	Shorts & Skirts	Boys Grey Solid Slip On Shorts	Infants Apparel
Infant's Wear	Rompers & Body Suits	Infant Boys Mustard Yellow & White Colorblocked Zoo Printed Soft Cotton Romper	Infants Apparel
Infant's Wear	Shirts, T-Shirts & Tops	Girls Blue Floral Print Top	Infants Apparel
Infant's Wear	Clothing Sets	Boys Grey & White Checked T-shirt with Trousers	Infants Apparel
Infant's Wear	Leggings & Pajamas	Infant Girls Pink & Brown Cotton Printed Leggings	Infants Apparel
Infant's Wear	Winter Wear	Kids Blue & Yellow Ribbed Front-Open Sweater Set	Infants Apparel
Infant's Wear	Sweatshirt & Jackets	Unisex Kids Printed Hooded Sweatshirt	Infants Apparel
Infant's Wear	Frocks, Dresses & Skirts	Yellow & amber Floral Dress	Infants Apparel
Infant's Wear	Sweatshirt & Jackets	Kids White & Blue Printed Cardigan	Infants Apparel
Infant's Wear	Leggings & Pajamas	Boys Navy Blue Printed Cotton Joggers	Infants Apparel
Infant's Wear	Frocks, Dresses & Skirts	A.T.U.N Multicoloured Striped A-Line Dress	Infants Apparel
Infant's Wear	Shirts, T-Shirts & Tops	Boys Burgundy & Maroon Tie & Dye & Printed Round Neck T-shirt	Infants Apparel
Infant's Wear	Frocks, Dresses & Skirts	Pink A-Line Dress	Infants Apparel
Infant's Wear	Rompers & Body Suits	Unisex Infant Pack of 3 Printed Cotton Rompers	Infants Apparel
Infant's Wear	Sweatshirt & Jackets	Kids Orange Hooded Padded Jacket	Infants Apparel
Infant's Wear	Shirts, T-Shirts & Tops	Girls Navy Blue Typography Printed T-shirt	Infants Apparel
Infant's Wear	Sweatshirt & Jackets	Boys Red Printed Sweatshirt	Infants Apparel
Infant's Wear	Clothing Sets	Unisex Kids Lime Green & White Printed T-shirt with Shorts	Infants Apparel
Infant's Wear	Sweatshirt & Jackets	Unisex Kids Green White Puffer Jacket	Infants Apparel
Infant's Wear	Trousers	Boys Green Checked Classic Cargos Trousers	Infants Apparel
Infant's Wear	Leggings & Pajamas	Girls Pack Of 3 Grey & White Leggings	Infants Apparel
Infant's Wear	Rompers & Body Suits	Infant Boys Navy-Blue & White Checked Pure Cotton Rompers	Infants Apparel
Infant's Wear	Rompers & Body Suits	Girls Black Solid Cotton Romper With Contrast Piping	Infants Apparel
Infant's Wear	Rompers & Body Suits	Kids Blue Printed Cotton Rompers	Infants Apparel
Infant's Wear	Rompers & Body Suits	Infants Sea Green Printed Rompers	Infants Apparel
Infant's Wear	Sweatshirt & Jackets	Unisex Kids Blue & Orange Animal Pullover with Applique Detail	Infants Apparel
Infant's Wear	Leggings & Pajamas	Girls White & Yellow Pack of 2 Printed Cotton Lounge Pants	Infants Apparel
Infant's Wear	Innerwear & Sleepwear	Boys Pack of 4 White & Red Cotton Printed Jablas	Infants Apparel
Eyewear	Sunglasses	Unisex Clear Lens & Black Shield Sunglasses With UV Protected Lens	Men's Eyewear
Eyewear	Sunglasses	Men Grey Lens & Black Rectangle Sunglasses with Polarised Lens KST 22830 C1	Men's Eyewear
Eyewear	Sunglasses	Unisex Cateye Sunglasses SG- 124-Sun White Antique & Golden Reflector Lens	Men's Eyewear
Eyewear	Eye Glass Frames	Unisex Black & Red Colourblocked Full Rim Wayfarer Frames	Men's Eyewear
Eyewear	Sunglasses	Men Black Lens & Black Wayfarer Sunglasses with UV Protected Lens	Men's Eyewear
Eyewear	Sunglasses	Unisex Brown & Gold Other Sunglasses with UV Protected Lens 8817_Gld_BrnGrd-Golden	Men's Eyewear
Eyewear	Eye Glass Frames	Unisex Purple Full Rim Wayfarer Frames	Men's Eyewear
Eyewear	Eye Glass Frames	Unisex Transparent Full Rim Rectangle Frames	Men's Eyewear
Eyewear	Sunglasses	Unisex Brown Lens & Gold-Toned Round Sunglasses with UV Protected Lens-MTV-222	Men's Eyewear
Eyewear	Sunglasses	Men Aviator UV Protected Sunglasses GU6918 59 09F	Men's Eyewear
Eyewear	Sunglasses	Unisex Grey Lens Aviator Sunglasses with UV Protected Lens - 151280	Men's Eyewear
Eyewear	Sunglasses	Unisex Brown Lens & Brown Round Sunglasses with UV Protected Lens	Men's Eyewear
Eyewear	Sunglasses	Unisex Pink Lens & Gold-Toned Oval Sunglasses with UV Protected Lens	Men's Eyewear
Eyewear	Sunglasses	Unisex Blue Lens & Gold-Toned Square Sunglasses with UV Protected Lens	Men's Eyewear
Eyewear	Eye Glass Frames	Unisex Black Full Rim Rectangle Frames - TSO-119_C2	Men's Eyewear
Eyewear	Sunglasses	Men Clear Lens & Brown Other Sunglasses	Men's Eyewear
Eyewear	Sunglasses	Men Green Lens & Brown Wayfarer Sunglasses WSGM-LEVI-040709	Men's Eyewear
Eyewear	Sunglasses	Unisex Grey Lens & Black Wayfarer Sunglasses with UV Protected Lens	Men's Eyewear
Eyewear	Sunglasses	Unisex Aviator Sunglasses W123	Men's Eyewear
Eyewear	Sunglasses	Unisex Blue Lens & Silver-Toned Other Sunglasses with Polarised Lens	Men's Eyewear
Eyewear	Eye Glass Frames	Unisex Brown & Gold-Toned Full Rim Rectangle Frames TS-9078_C148	Men's Eyewear
Eyewear	Sunglasses	Unisex Black Lens & Black Aviator Sunglasses with Polarised Lens	Men's Eyewear
Eyewear	Sunglasses	Unisex Brown Lens & Brown Wayfarer Sunglasses	Men's Eyewear
Eyewear	Sunglasses	Unisex Green Lens & Gold-Toned Aviator Sunglasses with UV Protected Lens	Men's Eyewear
Eyewear	Eye Glass Frames	Unisex Purple Full Rim Wayfarer Frames	Men's Eyewear
Eyewear	Eye Glass Frames	Unisex Brown Full Rim Wayfarer Frames TS-9019_C4	Men's Eyewear
Eyewear	Sunglasses	Men Gradient Sungalsses M124BU1	Men's Eyewear
Eyewear	Sunglasses	Men Grey Lens & Gunmetal-Toned Square Sunglasses with Polarised and UV Protected Lens	Men's Eyewear
Eyewear	Eye Glass Frames	Men Transparent & Gold-Toned Full Rim Square Frames WE5276 52 032	Men's Eyewear
Eyewear	Sunglasses	Men Green Lens & Black Browline Sunglasses with UV Protected Lens 2048697ZJ58Z9	Men's Eyewear
Eyewear	Sunglasses	Unisex Black Lens & Purple Oval Sunglasses - EN E 3027 C1-Black	Men's Eyewear
Eyewear	Sunglasses	Grey Aviator Sunglasses with UV Protected Lens	Men's Eyewear
Eyewear	Sunglasses	Unisex Grey Lens & Black Round Sunglasses with UV Protected Lens MM2002 C1	Men's Eyewear
Eyewear	Sunglasses	Unisex Square Sunglasses MFB-PN-PS-T9301	Men's Eyewear
Eyewear	Sunglasses	Unisex Grey Lens & Orange Oval Sunglasses with UV Protected Lens QKY004B-Grey	Men's Eyewear
Eyewear	Sunglasses	Unisex Grey Lens & White Rectangle Sunglass BS2056-1122-Clear	Men's Eyewear
Eyewear	Sunglasses	Adult Burgundy Lens & Black Rectangle Sunglasses with UV Protected Lens	Men's Eyewear
Eyewear	Sunglasses	Unisex Clear Lens & Gold-Toned Rectangle Sunglasses with UV Protected Lens	Men's Eyewear
Eyewear	Sunglasses	Men Blue Lens & Black Rectangle Sunglasses with Polarised Lens SPL998K57703SG	Men's Eyewear
Eyewear	Sunglasses	Unisex Grey Lens & Blue Sunglasses with Polarised and UV Protected Lens	Men's Eyewear
Eyewear	Sunglasses	Unisex Black Lens & Black Square Sunglasses PLD 6136/CS 80799 51/18-Black	Men's Eyewear
Eyewear	Sunglasses	Men Square Sunglasses with UV Protected Lens Ocmt31422021	Men's Eyewear
Eyewear	Sunglasses	Unisex UV Protected Wayfarer Sunglasses ALI_211_MERCURY	Men's Eyewear
Eyewear	Eye Glass Frames	Unisex Brown & Gold-Toned Full Rim Wayfarer Frames	Men's Eyewear
Eyewear	Sunglasses	Unisex Pink Lens & Black Aviator Sunglasses with UV Protected Lens	Men's Eyewear
Eyewear	Eye Glass Frames	Unisex Blue & Red Full Rim Round Frames	Men's Eyewear
Eyewear	Sunglasses	MAVERICK Unisex Gold UV Protected Aviator Sunglasses	Men's Eyewear
Eyewear	Sunglasses	Unisex Grey Lens & Black Square Sunglasses with UV Protected Lens	Men's Eyewear
Eyewear	Eye Glass Frames	Unisex Grey Full Rim Wayfarer Frames TSIF003_C9	Men's Eyewear
Eyewear	Sunglasses	Unisex Green Lens & Gunmetal-Toned Aviator Sunglasses with UV Protected Lens	Men's Eyewear
Eyewear	Sunglasses	Unisex Black Lens & Gunmetal-Toned Aviator Sunglasses with UV Protected Lens	Men's Eyewear
Eyewear	Sunglasses	The Lifestyle Co Unisex Mirrored Oval Sunglasses MFB-PN-PS-T9336	Men's Eyewear
Eyewear	Sunglasses	Unisex Green Lens & Grey Full Rim Aviator Sunglasses 14273-55-AS-3025	Men's Eyewear
Eyewear	Sunglasses	Unisex Grey Lens & Black Square Sunglasses with Polarised and UV Protected Lens	Men's Eyewear
Eyewear	Sunglasses	Unisex Blue Lens & Silver-Toned Square Sunglasses with UV Protected Lens	Men's Eyewear
Eyewear	Sunglasses	Unisex Grey Lens & Gold-Toned Aviator Sunglasses with UV Protected Lens	Men's Eyewear
Eyewear	Sunglasses	Unisex Black Polarised Wayfarer Sunglasses	Men's Eyewear
Eyewear	Sunglasses	Men Oval Polarised and UV Protected Sunglasses P360GR5P	Men's Eyewear
Eyewear	Eye Glass Frames	Unisex Black Full Rim Aviator Frames A_2788B	Men's Eyewear
Eyewear	Sunglasses	Unisex Brown Lens & Brown Aviator UV Protected Lens Sunglasses	Men's Eyewear
Eyewear	Sunglasses	Unisex Brown Lens & Gold-Toned Aviator Sunglasses with Polarised and UV Protected Lens	Men's Eyewear
Eyewear	Sunglasses	Unisex Clear Lens & Black Round Sunglasses with UV Protected Lens	Men's Eyewear
Eyewear	Sunglasses	Unisex Clear Lens & Gold Square Sunglasses with UV Protected Lens LM 160 HEXA GOLD	Men's Eyewear
Eyewear	Sunglasses	Unisex UV Protected Lens Square Sunglasses RS0038AV	Men's Eyewear
Eyewear	Eye Glass Frames	Unisex Black Full Rim Square Frame	Men's Eyewear
Eyewear	Sunglasses	Unisex Brown Lens & Brown Square Sunglasses with UV Protected Lens	Men's Eyewear
Eyewear	Eye Glass Frames	Men Blue & Yellow Solid Full Rim Rectangle Frames	Men's Eyewear
Eyewear	Sunglasses	Unisex Grey Lens & Black Sunglasses with UV Protected Lens	Men's Eyewear
Eyewear	Sunglasses	Unisex Grey Lens & Black Aviator Sunglasses with UV Protected Lens	Men's Eyewear
Eyewear	Sunglasses	Unisex Round Sunglasses	Men's Eyewear
Eyewear	Sunglasses	Unisex Aviator Sunglasses 3026MG2737	Men's Eyewear
Eyewear	Sunglasses	Triomphe Unisex Black & Brown Full Rim UV Protected Rectangular Sunglasses	Men's Eyewear
Eyewear	Sunglasses	Unisex Clear Lens & White Square Sunglasses with UV Protected Lens	Men's Eyewear
Eyewear	Sunglasses	Unisex Rectangle Sunglasses with UV Protected Lens 98064B_S	Men's Eyewear
Eyewear	Sunglasses	Unisex Brown Lens & Gold-Toned Square Sunglasses 2186MG3617-Brown	Men's Eyewear
Eyewear	Eye Glass Frames	Unisex Black Full Rim Polycarbonate Square Frames	Men's Eyewear
Eyewear	Eye Glass Frames	Unisex Black & Transparent Full Rim Round Frames	Men's Eyewear
Eyewear	Sunglasses	Men Rose Gold-Toned & Purple Bordeaux Lens Aviator Sunglasses GU7555 59 28U	Men's Eyewear
Eyewear	Sunglasses	Unisex Brown Lens & Black Aviator Sunglasses with UV Protected Lens	Men's Eyewear
Eyewear	Sunglasses	Unisex Brown UV Protected Aviator Sunglasses GM60089C02	Men's Eyewear
Eyewear	Eye Glass Frames	Unisex Brown & Black Full Rim Wayfarer Frame	Men's Eyewear
Eyewear	Sunglasses	Grey Lens & Black Wayfarer Sunglasses with Polarised&UV Protected Lens-CLUBEX_C7	Men's Eyewear
Eyewear	Sunglasses	Unisex Square Sunglasses LC9133ENB	Men's Eyewear
Eyewear	Eye Glass Frames	Unisex Black & Blue Full Rim Round Frames TS-003_C3	Men's Eyewear
Eyewear	Sunglasses	Men Grey Lens & Silver-Toned Square Sunglasses & UV Protected Lens-OP-10090-C04	Men's Eyewear
Eyewear	Sunglasses	Unisex Clear Lens & Blue Round Sunglasses with UV Protected Lens CHI00103-C5-R1	Men's Eyewear
Eyewear	Sunglasses	Adult Grey Lens & Gold-Toned UV Protected Aviator Sunglasses CR_2148 AVI GGN	Men's Eyewear
Eyewear	Eye Glass Frames	Men Transparent & Brown Full Rim Square Frames WE5224 54 048	Men's Eyewear
Eyewear	Sunglasses	Unisex Brown & Gold-Toned Full Rim Aviator Sunglasses 12750-5-AS-3025	Men's Eyewear
Eyewear	Sunglasses	Men Oval Sunglasses with UV Protected Lens We0281602C	Men's Eyewear
Eyewear	Sunglasses	Men Grey Polarised Oversized Sunglasses BL7150-Gray	Men's Eyewear
Eyewear	Sunglasses	Men Brown Lens & Brown Rectangle Sunglasses with Polarised and UV Protected Lens	Men's Eyewear
Eyewear	Sunglasses	Men Brown Rectangle Sunglasses with UV Protected Lens TH Mark C2 57 S	Men's Eyewear
Eyewear	Sunglasses	Unisex Green Lens Aviator Sunglasses with Polarised and UV Protected Lens	Men's Eyewear
Eyewear	Sunglasses	Unisex Grey Lens & Brown Browline Sunglasses with UV Protected Lens	Men's Eyewear
Eyewear	Sunglasses	Unisex Purple Lens & Black Wayfarer Sunglasses with UV Protected Lens	Men's Eyewear
Eyewear	Sunglasses	Unisex Black Lens & Red Square Sunglasses with UV Protected Lens	Men's Eyewear
Eyewear	Eye Glass Frames	Unisex Silver-Toned Full Rim Round Frames	Men's Eyewear
Eyewear	Sunglasses	Unisex Wayfarer Sunglasses 0RB2140127771	Men's Eyewear
Eyewear	Sunglasses	Men Grey Lens & Green Rectangle Sunglasses	Men's Eyewear
Girl's Footwear	Sandals & Floaters	Girls Beige Ballerinas with Bows Flats	Kid's Footwear
Girl's Footwear	Sandals & Floaters	Girls Pink Printed Ballerinas Flats	Kid's Footwear
Girl's Footwear	Sandals & Floaters	Girls Beige Printed Canvas Open Toe Flats	Kid's Footwear
Girl's Footwear	Sandals & Floaters	Girls Yellow Embellished Open Toe Flats	Kid's Footwear
Girl's Footwear	Sandals & Floaters	Girls Blue Printed Frozen Party Ballerinas	Kid's Footwear
Girl's Footwear	Sandals & Floaters	Girls Green Textured Ballerinas with Laser Cuts Flats	Kid's Footwear
Girl's Footwear	Sandals & Floaters	Girls Open Toe Flats	Kid's Footwear
Girl's Footwear	Sandals & Floaters	Girls Pink Shimmer Barbie Open Toe Flats with Bow Detail	Kid's Footwear
Girl's Footwear	Sandals & Floaters	Girls Pink Embellished Open Toe Flats	Kid's Footwear
Girl's Footwear	Sandals & Floaters	Girls Gold-Toned Textured Bows Flats	Kid's Footwear
Girl's Footwear	Sandals & Floaters	Girls Beige Embellished Open Toe Flats	Kid's Footwear
Girl's Footwear	Sandals & Floaters	Girls Ballerinas With Bows	Kid's Footwear
Girl's Footwear	Sandals & Floaters	Girls Rose Gold Embellished Open Toe Flats	Kid's Footwear
Girl's Footwear	Sandals & Floaters	Girls Red Printed Synthetic Open Toe Flats	Kid's Footwear
Girl's Footwear	Sandals & Floaters	Girls Pink Embellished Open Toe Flats	Kid's Footwear
Girl's Footwear	Sandals & Floaters	Girls Embellished Open Toe Flats with Bows	Kid's Footwear
Girl's Footwear	Sandals & Floaters	Girls Purple Solid Rio Birko-Flor Open Toe Regular Width Flats	Kid's Footwear
Girl's Footwear	Sandals & Floaters	Girls Black Solid Ballerinas	Kid's Footwear
Girl's Footwear	Sandals & Floaters	Girls Green Embellished Open Toe Flats	Kid's Footwear
Girl's Footwear	Sandals & Floaters	Girls Blue Embellished Leather Party Open Toe Flats	Kid's Footwear
Girl's Footwear	Sandals & Floaters	Girls Silver-Toned PU Textured Ballerinas with Bows Flats	Kid's Footwear
Girl's Footwear	Sandals & Floaters	Girls Grey & Golden Open Toe Flats	Kid's Footwear
Girl's Footwear	Sandals & Floaters	Unisex Kids Blue Ballerinas with Bows Flats	Kid's Footwear
Girl's Footwear	Sandals & Floaters	Girls Printed Open Toe Flats	Kid's Footwear
Girl's Footwear	Sandals & Floaters	Girls Embellished Party Ballerinas	Kid's Footwear
Girl's Footwear	Sandals & Floaters	Girls Silver-Toned Open Toe Flats	Kid's Footwear
Girl's Footwear	Sandals & Floaters	Girls Embellished Open Toe Flats	Kid's Footwear
Girl's Footwear	Sandals & Floaters	Girls Mustard Yellow & Brown Solid Ballerinas with Bow & Tasselled Detail	Kid's Footwear
Girl's Footwear	Sandals & Floaters	Girls Grey Embellished Open Toe Flats	Kid's Footwear
Girl's Footwear	Sandals & Floaters	Girls Navy Blue Printed Buckles Flats	Kid's Footwear
Girl's Footwear	Sandals & Floaters	Girls Pink Embellished Leather Ballerinas Flats	Kid's Footwear
Girl's Footwear	Sandals & Floaters	Girls Black Laser Cut Bow Ballerinas	Kid's Footwear
Girl's Footwear	Sandals & Floaters	Girls Black Ballerinas with Laser Cuts Flats	Kid's Footwear
Girl's Footwear	Sandals & Floaters	Girls Muted Gold-Toned Solid Mules with Pom-Pom Detail	Kid's Footwear
Girl's Footwear	Sandals & Floaters	Girls Printed Ballerinas	Kid's Footwear
Girl's Footwear	Sandals & Floaters	Girls Pink Textured Ballerinas with Laser Cuts Flats	Kid's Footwear
Girl's Footwear	Sandals & Floaters	Girls Green Disney Tinker Bell Fashion Sandals	Kid's Footwear
Girl's Footwear	Sandals & Floaters	Girls Navy Blue Mary Janes with Bows	Kid's Footwear
Girl's Footwear	Sandals & Floaters	Girls Silver-Toned Textured Leather Party Bows Flats	Kid's Footwear
Girl's Footwear	Sandals & Floaters	Girls Black Embellished Ballerinas Flats	Kid's Footwear
Girl's Footwear	Sandals & Floaters	Girls Silver-Toned Glitter Embellished Party Mules Flats	Kid's Footwear
Girl's Footwear	Sandals & Floaters	Girls Silver-Toned Colourblocked Flats	Kid's Footwear
Girl's Footwear	Sandals & Floaters	Girls Pink Embellished Ballerinas Flats	Kid's Footwear
Girl's Footwear	Sandals & Floaters	Girls Beige Embellished Party Ballerinas with Laser Cuts Flats	Kid's Footwear
Girl's Footwear	Sandals & Floaters	Arizona Kids Vegan Silver Narrow Width Girls Two-strap sandals	Kid's Footwear
Girl's Footwear	Sandals & Floaters	Girls Multicoloured Embellished Party Ballerinas Flats	Kid's Footwear
Girl's Footwear	Sandals & Floaters	Girls White Knot Detail Open Toe Flats	Kid's Footwear
Girl's Footwear	Sandals & Floaters	Girls Beige Ballerinas Flats	Kid's Footwear
Girl's Footwear	Sandals & Floaters	Girls Open To Flats	Kid's Footwear
Girl's Footwear	Sandals & Floaters	Girls Blue Leather Bow Open Toe Flats	Kid's Footwear
Girl's Footwear	Sandals & Floaters	Girls White Colourblocked One Toe Flats	Kid's Footwear
Girl's Footwear	Sandals & Floaters	Girls Blue Frozen Printed Open Toe Flats	Kid's Footwear
Girl's Footwear	Sandals & Floaters	Girls Embellished Open Toe Flats	Kid's Footwear
Girl's Footwear	Sandals & Floaters	Girls Mustard Textured Ballerinas Flats	Kid's Footwear
Girl's Footwear	Sandals & Floaters	Girls Black Solid Gladiators	Kid's Footwear
Girl's Footwear	Sandals & Floaters	Girls Navy Blue & White Striped & Woven Design Open Toe Flats	Kid's Footwear
Girl's Footwear	Sandals & Floaters	Girls Tan Mules Flats	Kid's Footwear
Girl's Footwear	Sandals & Floaters	Girls White Kairo Birko-Flor Nautical Striped T-Strap Regular Width Flats	Kid's Footwear
Girl's Footwear	Sandals & Floaters	Girls Purple Printed Open Toe Flats with Floral Applique Detail	Kid's Footwear
Girl's Footwear	Sandals & Floaters	Girls Green Colourblocked Barbie Ballerinas	Kid's Footwear
Girl's Footwear	Sandals & Floaters	Girls Barbie Pink & Blue Printed Open Toe Flats	Kid's Footwear
Girl's Footwear	Sandals & Floaters	Girls Beige Ballerinas with Bows Flats	Kid's Footwear
Girl's Footwear	Sandals & Floaters	Infant Girls Bows Embellished Ballerinas	Kid's Footwear
Girl's Footwear	Sandals & Floaters	Girls Beige Embellished Open Toe Flats	Kid's Footwear
Girl's Footwear	Sandals & Floaters	Girls Black Confetti Print Gizeh Synthetics T-Strap Regular Width Flats	Kid's Footwear
Girl's Footwear	Sandals & Floaters	Girls Green & Blue Canvas Open Toe Flats	Kid's Footwear
Girl's Footwear	Sandals & Floaters	Girls Pink Solid Gizeh Narrow Width Flats	Kid's Footwear
Girl's Footwear	Sandals & Floaters	Girls White Ballerinas Flats	Kid's Footwear
Girl's Footwear	Sandals & Floaters	Girls Grey Dora Ballerinas With Bows Flats	Kid's Footwear
Girl's Footwear	Sandals & Floaters	Girls Pink Printed Open Toe Flats	Kid's Footwear
Girl's Footwear	Sandals & Floaters	Girls Bows Embellished Ballerinas	Kid's Footwear
Girl's Footwear	Sandals & Floaters	Girls Red Solid Ballerinas with Bow & Tasselled Detail	Kid's Footwear
Girl's Footwear	Sandals & Floaters	Girls Gold-Toned Printed Ballerinas with Laser Cuts Flats	Kid's Footwear
Girl's Footwear	Sandals & Floaters	Girls Solid Textured Design Flats	Kid's Footwear
Girl's Footwear	Sandals & Floaters	Girls Embellished Ballerinas	Kid's Footwear
Girl's Footwear	Sandals & Floaters	Girls Embellished Ballerinas	Kid's Footwear
Girl's Footwear	Sandals & Floaters	Girls Pink Rio EVA Open Toe Narrow Width Flats	Kid's Footwear
Girl's Footwear	Sandals & Floaters	Girls Pink Embellished Ballerinas with Bows Flats	Kid's Footwear
Girl's Footwear	Sandals & Floaters	Girls Multicoloured Embellished Leather Ethnic T-Strap Flats	Kid's Footwear
Girl's Footwear	Sandals & Floaters	Girls Colorado Kids Blue Narrow Width Printed Open Toe Flats	Kid's Footwear
Girl's Footwear	Sandals & Floaters	Girls Gunmetal-Toned Kairo HL Electric Metallic Gold Narrow Sandals	Kid's Footwear
Girl's Footwear	Sandals & Floaters	Girls Brown Open Toe Flats	Kid's Footwear
Girl's Footwear	Sandals & Floaters	Girls Embellished Open Toe Flats	Kid's Footwear
Girl's Footwear	Sandals & Floaters	Girls Pink Printed Flats	Kid's Footwear
Girl's Footwear	Sandals & Floaters	Girls Blue Floral Printed Ballerinas Flats	Kid's Footwear
Girl's Footwear	Sandals & Floaters	Girls Beige Embellished Open Toe Flats	Kid's Footwear
Girl's Footwear	Sandals & Floaters	Girls Black Solid Mules Flats	Kid's Footwear
Girl's Footwear	Sandals & Floaters	Girls Embellished Ballerinas Flats	Kid's Footwear
Girl's Footwear	Sandals & Floaters	Girls Maroon Solid Mary Janes	Kid's Footwear
Girl's Footwear	Sandals & Floaters	Girls Pink Flats	Kid's Footwear
Girl's Footwear	Sandals & Floaters	Girls Yellow Printed T-Strap Flats	Kid's Footwear
Girl's Footwear	Sandals & Floaters	Girls Pink Embellished Flats	Kid's Footwear
Girl's Footwear	Sandals & Floaters	Girls Blue Solid Rio EVA Open Toe Narrow Width Flats	Kid's Footwear
Girl's Footwear	Sandals & Floaters	Girls Pink Embellished Ballerinas Flats	Kid's Footwear
Girl's Footwear	Sandals & Floaters	Girls Peach-Coloured Heart Shaped Textured Mid-Top Ballerinas	Kid's Footwear
Girl's Footwear	Sandals & Floaters	Girls Open Toe Flats with Buckles	Kid's Footwear
Girl's Footwear	Sandals & Floaters	Girls Pink Solid Ballerinas	Kid's Footwear
Girl's Footwear	Sandals & Floaters	Girls Maroon Ballerinas with Bows Flats	Kid's Footwear
Girl's Footwear	Sandals & Floaters	Girls Pink Flats	Kid's Footwear
Girl's Footwear	Sandals & Floaters	Girls Black Solid Ballerinas with Embellishment	Kid's Footwear
Footwear Accessories	Socks & Stockings	Black Stockings	Women's Accessories
Footwear Accessories	Socks & Stockings	Black Footless Stockings	Women's Accessories
Footwear Accessories	Socks & Stockings	Women Beige Solid Sheer Stockings	Women's Accessories
Footwear Accessories	Socks & Stockings	Set Of Two Black Stockings	Women's Accessories
Footwear Accessories	Socks & Stockings	Women Black Self-Design Stockings	Women's Accessories
Footwear Accessories	Socks & Stockings	Women Pack Of 2 Pantyhose Stockings	Women's Accessories
Footwear Accessories	Socks & Stockings	Set Of 2 Nude-Coloured Stockings	Women's Accessories
Footwear Accessories	Socks & Stockings	Women Beige Solid Stockings	Women's Accessories
Footwear Accessories	Socks & Stockings	Women Solid Stockings	Women's Accessories
Footwear Accessories	Socks & Stockings	Women Red Opaque Thigh High Stockings	Women's Accessories
Footwear Accessories	Socks & Stockings	Women Black Solid Polka Dots Stockings	Women's Accessories
Footwear Accessories	Socks & Stockings	Women Black Solid Opaque Stockings	Women's Accessories
Footwear Accessories	Socks & Stockings	Women Black Patterned Stockings	Women's Accessories
Footwear Accessories	Socks & Stockings	Women Black Solid Stockings	Women's Accessories
Footwear Accessories	Socks & Stockings	Women Semi Sheer Fish Net Stockings	Women's Accessories
Footwear Accessories	Socks & Stockings	Women Black Solid Thigh High Stockings	Women's Accessories
Footwear Accessories	Socks & Stockings	Women Nude-Coloured Self Design Stockings	Women's Accessories
Footwear Accessories	Socks & Stockings	Women Nude-Coloured Solid Thigh-High Stockings	Women's Accessories
Footwear Accessories	Socks & Stockings	Women Black Solid Fishnet Sheer Stockings	Women's Accessories
Footwear Accessories	Socks & Stockings	Women Black Solid Semi-Sheer Pantyhose Stockings	Women's Accessories
Footwear Accessories	Socks & Stockings	Women Beige Solid Stockings	Women's Accessories
Footwear Accessories	Socks & Stockings	Woman Black Self Design Stockings	Women's Accessories
Footwear Accessories	Socks & Stockings	Women Pack of 2 Patterned Stockings	Women's Accessories
Footwear Accessories	Socks & Stockings	Black Stockings	Women's Accessories
Footwear Accessories	Socks & Stockings	Women Black Self- Design Opaque Stockings	Women's Accessories
Footwear Accessories	Socks & Stockings	Nude-Coloured Stockings	Women's Accessories
Footwear Accessories	Socks & Stockings	Women Black Self-Design Pantyhose Stockings	Women's Accessories
Footwear Accessories	Socks & Stockings	Women Nylon Opaque Pantyhose Stockings Comfortable with Super Stretch	Women's Accessories
Footwear Accessories	Socks & Stockings	Women Beige Solid Opaque Pantyhose Stockings	Women's Accessories
Footwear Accessories	Socks & Stockings	Women High-waist Stockings	Women's Accessories
Footwear Accessories	Socks & Stockings	Women Beige Solid Stockings	Women's Accessories
Footwear Accessories	Socks & Stockings	Women Pack of 2 Pantyhose Stockings	Women's Accessories
Footwear Accessories	Socks & Stockings	Women Beige Solid Low Denier Sheer Pantyhose Stockings	Women's Accessories
Footwear Accessories	Socks & Stockings	Women Beige Solid Pantyhose Stockings	Women's Accessories
Footwear Accessories	Socks & Stockings	Women Beige Solid Pantyhose Stockings	Women's Accessories
Footwear Accessories	Socks & Stockings	Women Beige Solid Socks Stockings	Women's Accessories
Footwear Accessories	Socks & Stockings	Women Nude-Coloured Solid Sheer Stockings	Women's Accessories
Footwear Accessories	Socks & Stockings	Women Nude & Black Pack of 2 Sheer Thigh-High Transparent Stockings	Women's Accessories
Footwear Accessories	Socks & Stockings	Women Red Solid Pantyhose Stockings	Women's Accessories
Footwear Accessories	Socks & Stockings	Women Black Patterned Fishnet Sheer Stockings	Women's Accessories
Footwear Accessories	Socks & Stockings	Women Beige Solid Pantyhose Stockings	Women's Accessories
Footwear Accessories	Socks & Stockings	Women Black Fishnet Patterned Small Mesh Pantyhose Stockings	Women's Accessories
Footwear Accessories	Socks & Stockings	Black Stockings	Women's Accessories
Footwear Accessories	Socks & Stockings	Women Black Solid Stockings	Women's Accessories
Footwear Accessories	Socks & Stockings	Women Nude Coloured Embellished Fishnet Stockings	Women's Accessories
Footwear Accessories	Socks & Stockings	Women Nude Coloured Sheer Stockings	Women's Accessories
Footwear Accessories	Socks & Stockings	Women Black Solid Stockings	Women's Accessories
Footwear Accessories	Socks & Stockings	Women Set of 2 Nude-Coloured Sheer Thigh-High Transparent Stockings	Women's Accessories
Footwear Accessories	Socks & Stockings	Women Solid Stockings	Women's Accessories
Footwear Accessories	Socks & Stockings	Women Black Solid Semi-Sheer Stockings	Women's Accessories
Footwear Accessories	Socks & Stockings	Women Black Solid Semi Sheer Noire Stockings	Women's Accessories
Footwear Accessories	Socks & Stockings	Women Pack of 2 Opaque Thigh High Stockings	Women's Accessories
Footwear Accessories	Socks & Stockings	Set Of Two Nude Thigh-High Stockings	Women's Accessories
Footwear Accessories	Socks & Stockings	Women Pink Opaque Stockings	Women's Accessories
Footwear Accessories	Socks & Stockings	N2S NEXT2SKINWomen Blue Solid Opaque Pantyhose Stockings	Women's Accessories
Footwear Accessories	Socks & Stockings	Women Black Striped Stockings	Women's Accessories
Footwear Accessories	Socks & Stockings	Mod & Shy Women Black Solid Socks Stockings	Women's Accessories
Footwear Accessories	Socks & Stockings	Women Beige Solid Opaque Stockings	Women's Accessories
Footwear Accessories	Socks & Stockings	Women Black Diamond Design Sheer Stockings	Women's Accessories
Footwear Accessories	Socks & Stockings	Women Black Solid Stockings	Women's Accessories
Footwear Accessories	Socks & Stockings	Woman White Solid Footless Legging Stockings	Women's Accessories
Footwear Accessories	Socks & Stockings	Women Black Self Design Sheer Stockings	Women's Accessories
Footwear Accessories	Socks & Stockings	Set Of Two Black Footless Stockings	Women's Accessories
Footwear Accessories	Socks & Stockings	Women Black Solid Sheer Thigh-High Stockings	Women's Accessories
Footwear Accessories	Socks & Stockings	Women Pack Of 2 Black Solid Opaque Thigh-High Stockings	Women's Accessories
Footwear Accessories	Socks & Stockings	Women Black Sheer Stockings	Women's Accessories
Footwear Accessories	Socks & Stockings	Women Black & Grey Double Toned Sheer Stockings	Women's Accessories
Footwear Accessories	Socks & Stockings	Women Pack Of 2 Semi Sheer Pantyhose Stockings	Women's Accessories
Footwear Accessories	Socks & Stockings	Women Self Design Songbird Stockings	Women's Accessories
Footwear Accessories	Socks & Stockings	Women Nude-Coloured Solid Semi-Sheer Stockings	Women's Accessories
Footwear Accessories	Socks & Stockings	Women Black Self Design Sheer Stockings	Women's Accessories
Footwear Accessories	Socks & Stockings	Women Black Self Design Pantyhose Stockings	Women's Accessories
Footwear Accessories	Socks & Stockings	Women Black Semi-Sheer Thigh-High Stockings	Women's Accessories
Footwear Accessories	Socks & Stockings	Women White Sheer Thigh High Stockings	Women's Accessories
Footwear Accessories	Socks & Stockings	Women Black Solid Stockings	Women's Accessories
Footwear Accessories	Socks & Stockings	Black Thigh-High Stockings	Women's Accessories
Footwear Accessories	Socks & Stockings	Women White Sheer Knee-High Stockings	Women's Accessories
Footwear Accessories	Socks & Stockings	Women Black Solid Fishnet Pantyhose Stockings	Women's Accessories
Footwear Accessories	Socks & Stockings	Women Navy Blue Solid Stockings	Women's Accessories
Footwear Accessories	Socks & Stockings	Women Black Solid Pantyhose Stockings	Women's Accessories
Footwear Accessories	Socks & Stockings	Women Black Solid Stockings	Women's Accessories
Footwear Accessories	Socks & Stockings	Women Pink Solid Footless Stockings	Women's Accessories
Footwear Accessories	Socks & Stockings	Women Beige Solid Stockings	Women's Accessories
Footwear Accessories	Socks & Stockings	Women Pack Of 2 Black Patterned Opaque Pantyhose Stockings	Women's Accessories
Footwear Accessories	Socks & Stockings	Soft Luxe Seamfree Stockings	Women's Accessories
Footwear Accessories	Socks & Stockings	Women Pack Of 2 Nude Solid Opaque Thigh High Stockings	Women's Accessories
Footwear Accessories	Socks & Stockings	Women Beige Solid Footless Stockings	Women's Accessories
Footwear Accessories	Socks & Stockings	Women Black Self Design Stockings	Women's Accessories
Footwear Accessories	Socks & Stockings	Women Black Solid Sheer Stockings	Women's Accessories
Footwear Accessories	Socks & Stockings	Women Purple Solid Stockings	Women's Accessories
Footwear Accessories	Socks & Stockings	Women High Waist Stockings	Women's Accessories
Footwear Accessories	Socks & Stockings	Women Beige Sheer Knee High Stockings	Women's Accessories
Footwear Accessories	Socks & Stockings	Set Of 2 Nude-Coloured Stockings	Women's Accessories
Footwear Accessories	Socks & Stockings	Women Solid Opaque Pantyhose Stockings	Women's Accessories
Footwear Accessories	Socks & Stockings	Women Navy Blue Solid Stockings	Women's Accessories
Footwear Accessories	Socks & Stockings	Women Black Patterned Pantyhose Stockings	Women's Accessories
Footwear Accessories	Socks & Stockings	Black Stockings	Women's Accessories
Footwear Accessories	Socks & Stockings	Women Black Patterned Fishnet Stockings	Women's Accessories
Footwear Accessories	Socks & Stockings	Women Black Self Design Stockings	Women's Accessories
Footwear Accessories	Socks & Stockings	Women Black Sheer Patterned Pantyhose Stockings	Women's Accessories
