0,1,2,3
Women Fashion,Western Wear,Sweaters & Cardigans,Sweaters
Women Fashion,Ethnic Wear,Islamic wear,Abayas & Coats
Men Fashion,Accessories,"Mufflers, Scarves & Gloves",Mufflers
Women Fashion,Accessories,Watches,Analog Watches
Women Fashion,Footwear,Flipflops & Slippers,Clogs
Men Fashion,Sports & Activewear,Innerwear,Gym vests
Women Fashion,Ethnic Wear,"Sarees, Blouses & Petticoats",Saree Shapewear & Petticoats
Kids,Toys,Unisex,Puzzles
Women Fashion,Ethnic Wear,Dupattas & Shawls,Shawls
Men Fashion,Inner & Sleepwear,Boxers & Loungewear,Lounge Pants
Women Fashion,Women Ethnic Wear,Muslim Wear,Jaali
Women Fashion,Accessories,Hair Accessories,Hair Bands
Women Fashion,Ethnic Wear,"Kurtis, Sets & Fabrics",Dupatta Sets
Men Fashion,Accessories,Men Apparel Accessories,Tie Clips
Men Fashion,Ethnic Wear,Kurtas & Kurta Sets,Kurtas
Women Fashion,Accessories,Hair Accessories,Hair Clips & Hair Pins
Women Fashion,Ethnic Wear,Suits & Dress Material,Semi-Stitched Suits
Women Fashion,Maternity,Feeding Topwear,Feeding Kurtis & Kurta Sets
Women Fashion,Maternity,Maternity Topwear,Maternity Kurtis & Kurta Sets
Men Fashion,Accessories,Men Apparel Accessories,Pocket Squares
Women Fashion,Inner & Sleepwear,Nightsuits & Nightdresses,Nightdress
Women Fashion,Accessories,Hijabs,Hijabs
Women Fashion,Western Wear,"Dresses, Gowns & Jumpsuits",Gowns
Women Fashion,Sports & Activewear,Innerwear,Sports Bra
Women Fashion,Sports & Activewear,Tops,Tops
Men Fashion,Men Top Wear,Unstitched Material,Top & Bottom Fabric
Women Fashion,Accessories,Watches,Digital Watches
Women Fashion,Footwear,Heels,Heels
Women Fashion,Ethnic Wear,"Kurtis, Sets & Fabrics",Kurti Fabrics
Women Fashion,Accessories,Fashion Accessories,Bindis
Women Fashion,Western Wear,"Tops, Tshirts & Shirts",Shirts
Men Fashion,Accessories,Men Apparel Accessories,Shirt Studs
Men Fashion,Inner & Sleepwear,Nightsuits,Nightsuits
Women Fashion,Accessories,Fashion Accessories,Hijab Pin
Women Fashion,Footwear,Flats,Flats
Men Fashion,Accessories,Earmuffs,Earmuffs
Men Fashion,Western Wear,Top Wear,Active Tshirts
Men Fashion,Ethnic Wear,Kurtas & Kurta Sets,Kurta Sets
Women Fashion,Accessories,Jewellery,Maangtika
Men Fashion,Accessories,Caps & Hats,Caps
Women Fashion,Western Wear,"Palazzos, Leggings & Tights",Palazzos
Men Fashion,Accessories,Watches,Watch Boxes
Men Fashion,Western Wear,Top Wear,Jackets
Men Fashion,Western Wear,Top Wear,Personalized Tshirts
Women Fashion,Accessories,Jewellery,Mangalsutras
Men Fashion,Western Wear,Top Wear,Sweaters
Women Fashion,Western Wear,Tops Tshirts & Shirts,Top & Bottom Sets
Kids,Accessories,Unisex,Bags & Backpacks
Women Fashion,Accessories,"Scarves, Stoles & Gloves",Stoles
Women Fashion,Accessories,Watches,Couple watches
Men Fashion,Footwear,Shoes,Sneakers
Men Fashion,Footwear,Shoe Accessories,Shoe Accessories
Men Fashion,Footwear,Shoes,Boots
Men Fashion,Sports & Activewear,Bottoms,Active Shorts
Women Fashion,Inner & Sleepwear,Period Panty,Period Panty
Men Fashion,Accessories,Socks,Socks
Women Fashion,Accessories,Watches,Watch Bands
Women Fashion,Western Wear,Capris & Trousers & Pants,Trousers & Pants
Women Fashion,Footwear,Shoes,Formal Shoes
Men Fashion,Western Wear,Tshirts,Dad & Daughter Tshirts
Men Fashion,Accessories,"Mufflers, Scarves & Gloves",Scarves
Women Fashion,Inner & Sleepwear,Nightsuits & Nightdresses,Nightsuits
Men Fashion,Footwear,Sandals & Floaters,Sandals
Men Fashion,Western Wear,Top Wear,Blazers
Men Fashion,Ethnic Wear,Ethnic Jackets,Ethnic Jackets
Women Fashion,Western Wear,"Dresses, Gowns & Jumpsuits",Dresses
Kids,Toys,Unisex,Educational Toys
Women Fashion,Sports & Activewear,Active Clothing Set,Active Clothing Set
Men Fashion,Accessories,Jewellery,Other Men Jewellery
Women Fashion,Women Ethnic Wear,Muslim Wear,Muslim wear
Women Fashion,Accessories,Watches,Watchboxes
Women Fashion,Accessories,Hair Accessories,Rubber Band & Scrunchies
Men Fashion,Accessories,Headbands,Headbands
Men Fashion,Accessories,Wallets,Wallets
Women Fashion,Inner & Sleepwear,Swimwear,Swimwear
Men Fashion,Accessories,Watches,Chronograph Watches
Women Fashion,Accessories,Caps & Hats,Hats
Women Fashion,Accessories,Jewellery,Anklets & Toe Rings
Women Fashion,Footwear,Shoes,Loafers & Moccassins
Women Fashion,Accessories,Jewellery,Rings
Men Fashion,Accessories,Jewellery,Men Earrings
Women Fashion,Accessories,Handkerchiefs,Handkerchiefs
Women Fashion,Western Wear,"Tops, Tshirts & Shirts",Tops & Tunics
Women Fashion,Accessories,Hair Accessories,Hair Accessories
Women Fashion,Accessories,Sunglasses,Spectacle Frames
Women Fashion,Accessories,"Scarves, Stoles & Gloves",Scarves
Men Fashion,Accessories,Men Apparel Accessories,Ties
Men Fashion,Western Wear,Top Wear,Sweatshirts
Women Fashion,Accessories,Jewellery,Bracelet & Bangles
Women Fashion,Inner & Sleepwear,Camisoles & Thermals,Thermal Bottoms
Men Fashion,Accessories,Wrist Bands,Wrist Bands
Men Fashion,Accessories,Hankerchiefs,Hankerchiefs
Men Fashion,Accessories,Jewellery,Necklace
Men Fashion,Accessories,Helmet,Helmet
Women Fashion,Western Wear,Jeans & Jeggings,Jeggings
Women Fashion,Inner & Sleepwear,Camisoles & Thermals,Camisoles
Men Fashion,Footwear,Flipflops & Slippers,Flip Flops
Women Fashion,Western Wear,"Tops, Tshirts & Shirts",Top & Bottom Sets
Women Fashion,Inner & Sleepwear,Shapewear,Shapewear
Men Fashion,Accessories,Men Apparel Accessories,Cufflinks
Men Fashion,Accessories,"Mufflers, Scarves & Gloves",Gloves
Women Fashion,Western Wear,"Dresses, Gowns & Jumpsuits",Jumpsuits
Men Fashion,Accessories,Men Apparel Accessories,Suspenders
Women Fashion,Accessories,Sunglasses,Sunglasses
Men Fashion,Men Top Wear,Unstitched Material,Shirt Fabric
Men Fashion,Western Wear,Top & Bottom Set,Suit Sets
Women Fashion,Accessories,Umbrellas,Umbrellas
Women Fashion,Accessories,Jewellery,Customised Jewellery
Women Fashion,Footwear,Sandals,Sandals
Men Fashion,Accessories,Watches,Digital Watches
Women Fashion,Western Wear,"Tops, Tshirts & Shirts",Tshirts
Women Fashion,Inner & Sleepwear,Camisoles & Thermals,Thermal Sets
Women Fashion,Ethnic Wear,Ethnic Jackets,Ethnic Jackets
Men Fashion,Inner & Sleepwear,Thermals,Thermal Topwear
Women Fashion,Ethnic Wear,"Leggings, Salwars, Churidars",Patialas
Men Fashion,Western Wear,Top & Bottom Set,Swim Suits
Women Fashion,Western Wear,Sweaters & Cardigans,Cardigans
Women Fashion,Footwear,Shoes,Casual Shoes
Women Fashion,Accessories,Jewellery,Necklaces & Chains
Women Fashion,Accessories,Jewellery,Nosepins
Men Fashion,Footwear,Shoes,Sports Shoes
Men Fashion,Accessories,"Mufflers, Scarves & Gloves",Bandana
Women Fashion,Western Wear,"Tops, Tshirts & Shirts",Women Formal Shirt & Bottom Fabric
Men Fashion,Accessories,Men Apparel Accessories,Brooches
Women Fashion,Accessories,Jewellery,Jewellery Set
Men Fashion,Footwear,Shoes,Floaters
Men Fashion,Western Wear,Bottom Wear,Swimming Shorts
Women Fashion,Accessories,Hair Accessories,Gajra/Floral Hair Accessories
Women Fashion,Accessories,"Scarves, Stoles & Gloves",Gloves
Women Fashion,Western Wear,Skirts & Shorts,Skirts
Men Fashion,Footwear,Flipflops & Slippers,Sliders
Women Fashion,Western Wear,Maternity Wear,Dresses
Men Fashion,Accessories,Keychains,Keychains
Men Fashion,Accessories,Belts,Belts
Men Fashion,Footwear,Shoes,Formal Shoes
Women Fashion,Western Wear,Capris & Trousers & Pants,Capris
Women Fashion,Accessories,Hair Accessories,Hair Buns
Men Fashion,Footwear,Shoes,Loafers
Women Fashion,Inner & Sleepwear,Briefs,Briefs
Women Fashion,Ethnic Wear,"Sarees, Blouses & Petticoats",Blouse Piece
Women Fashion,Western Wear,Jackets,Blazers & Coats
Women Fashion,Sports & Activewear,Bottoms,Bottoms
Women Fashion,Accessories,Jewellery,Kamarband
Women Fashion,Footwear,Boots,Boots
Women Fashion,Ethnic Wear,Sharara,Sharara
Women Fashion,Western Wear,Skirts & Shorts,Shorts
Women Fashion,Footwear,Bellies & Juttis,Bellies
Women Fashion,Accessories,Belts,Belts Accessories
Men Fashion,Footwear,Flipflops & Slippers,Clogs
Men Fashion,Accessories,Watches,Analog Watches
Men Fashion,Western Wear,Top Wear,Shirts
Men Fashion,Accessories,Watches,Watchboxes
Men Fashion,Western Wear,Top & Bottom Set,Tracksuits
Women Fashion,Western Wear,Jackets,Coats & Jackets
Men Fashion,Inner & Sleepwear,Thermals,Thermal Bottomwear
Women Fashion,Ethnic Wear,Ethnic Skirts,Skirts
Women Fashion,Women Ethnic Wear,Ethnic Skirt,Ethnic Skirt and Top
Women Fashion,Accessories,Pins,Saree Pin
Men Fashion,Western Wear,Top & Bottom Set,Top & Bottom Set
Women Fashion,Ethnic Wear,Lehenga Choli,Lehenga
Women Fashion,Ethnic Wear,"Sarees, Blouses & Petticoats",Blouses
Men Fashion,Footwear,Ethnic Footwear,Other Ethnic Flats
Women Fashion,Inner & Sleepwear,Bras & Lingerie Sets,Bra
Women Fashion,Ethnic Wear,"Kurtis, Sets & Fabrics",Kurtis
Men Fashion,Men Bottom Wear,Dungarees,Dungarees
Men Fashion,Western Wear,Bottom Wear,Trousers
Men Fashion,Western Wear,Bottom Wear,Shorts
Men Fashion,Accessories,Watches,Watchbands
Men Fashion,Footwear,Sandals & Floaters,Floaters
Men Fashion,Accessories,Watches,Sports Watches
Men Fashion,Accessories,Jewellery,Chains
Men Fashion,Ethnic Wear,"Dhotis, Mundus & Lungis","Dhotis, Mundus & Lungis"
Women Fashion,Inner & Sleepwear,Bras & Lingerie Sets,Lingerie Accessories
Women Fashion,Accessories,Jewellery,Earrings & Studs
Women Fashion,Accessories,Caps & Hats,Caps
Men Fashion,Western Wear,Top & Bottom Set,Suit Fabric
Women Fashion,Accessories,Jewellery,Bajuband and Armlets
Women Fashion,Footwear,Flipflops & Slippers,Flipflops & Slippers
Women Fashion,Accessories,Sunglasses,Sunglasses & Spectacle Cases
Women Fashion,Accessories,Fashion Accessories,Saree Pin
Women Fashion,Ethnic Wear,"Leggings, Salwars, Churidars",Salwars
Men Fashion,Accessories,Men Apparel Accessories,Cummerbunds
Women Fashion,Footwear,Shoes,Sneakers
Men Fashion,Western Wear,Bottom Wear,Track Pants
Women Fashion,Accessories,Socks,Socks
Women Fashion,Ethnic Wear,"Sarees, Blouses & Petticoats",Sarees
Men Fashion,Ethnic Wear,Sherwanis,Sherwanis
Men Fashion,Inner & Sleepwear,Thermals,Thermal Set
Men Fashion,Men Top Wear,Jumpsuits,Jumpsuits
Men Fashion,Western Wear,Tshirts,Dad & Son Tshirts
Men Fashion,Inner & Sleepwear,Briefs & Trunks,Trunks
Women Fashion,Footwear,Bellies & Juttis,Juttis & Mojaris
Men Fashion,Footwear,Ethnic Footwear,Mojaris and Juttis
Women Fashion,Footwear,Sandals,Floaters
Women Fashion,Western Wear,"Palazzos, Leggings & Tights",Leggings
Men Fashion,Western Wear,Bottom Wear,Three Fourths
Women Fashion,Accessories,Watches,Chronograph Watches
Women Fashion,Accessories,Watches,Sports watches
Women Fashion,Inner & Sleepwear,Camisoles & Thermals,Thermal Tops
Men Fashion,Accessories,Jewellery,Finger Rings
Men Fashion,Accessories,Jewellery,Bracelets
Men Fashion,Inner & Sleepwear,Briefs & Trunks,Briefs
Men Fashion,Western Wear,Top Wear,Tshirts
Women Fashion,Western Wear,Hoodies & Sweatshirts,Sweatshirts
Men Fashion,Men Top Wear,Raincoat,Raincoat
Women Fashion,Accessories,Hair Accessories,Hair Extensions & Wigs
Women Fashion,Inner & Sleepwear,Bras & Lingerie Sets,Lingerie Sets
Men Fashion,Accessories,Caps & Hats,Hats
Men Fashion,Western Wear,Bottom Wear,Jeans
Women Fashion,Accessories,Earmuffs,Earmuffs
Women Fashion,Western Wear,"Capes, Shrugs & Ponchos","Capes, Shrugs & Ponchos"
Men Fashion,Men Top Wear,Brother & Sister T-shirt,Brother & Sister T-Shirts
Women Fashion,Ethnic Wear,"Kurtis, Sets & Fabrics",Kurta Sets
Women Fashion,Western Wear,Jackets,Jackets
Men Fashion,Accessories,Sunglasses,Spectacle Frames
Men Fashion,Footwear,Shoes,Safety Shoes
Men Fashion,Accessories,Jewellery,Jewellery
Men Fashion,Men Bottom Wear,Unstitched Material,Pant Fabric
Men Fashion,Inner & Sleepwear,Boxers & Loungewear,Boxers
Women Fashion,Footwear,Shoes,Sports Shoes
Men Fashion,Accessories,Sunglasses,Sunglasses
Women Fashion,Women Ethnic Wear,Muslim Wear,Hijab
Men Fashion,Accessories,Caps & Hats,Caps & Hats
Women Fashion,Ethnic Wear,Suits & Dress Material,Suits
Women Fashion,Footwear,Flipflops & Slippers,Sliders
Women Fashion,Ethnic Wear,Dupattas & Shawls,Dupattas
Women Fashion,Ethnic Wear,"Leggings, Salwars, Churidars",Churidars
Women Fashion,Accessories,Keychains,Keychains
Women Fashion,Western Wear,Jeans & Jeggings,Jeans
Women Fashion,Inner & Sleepwear,Nightsuits & Nightdresses,Pyjamas
Women Fashion,Accessories,Belts,Belts
Men Fashion,Footwear,Shoes,Casual Shoes
Men Fashion,Men Top Wear,Plus Size T-shirt,Plus Size T-Shirts
Women Fashion,Accessories,Jewellery,Pendants & Lockets
Men Fashion,Western Wear,Top Wear,Shrugs
Men Fashion,Inner & Sleepwear,Vests,Vests
Women Fashion,Sports & Activewear,Innerwear,Active Jackets & Sweatshirts
Women Fashion,Inner & Sleepwear,Nightsuits & Nightdresses,Babydolls
Women Fashion,Accessories,"Scarves, Stoles & Gloves",Shawls
